Provider,SharePhysician,TotalClaim,TotalPatient,AvgClaimAmtReimbursed,NumTopCodeClaim
PRV51001,1.0,5,5,19400.0,2
PRV51003,1.0,62,53,9241.935483870968,25
PRV51007,1.0,3,3,6333.333333333333,1
PRV51021,1.0,29,23,9275.862068965518,14
PRV51023,1.0,9,9,6000.0,6
PRV51024,1.0,9,9,6777.777777777777,5
PRV51025,1.0,13,12,6615.384615384615,5
PRV51030,1.0,82,71,8604.878048780487,24
PRV51031,1.0,28,26,11750.0,9
PRV51037,1.0,23,21,9304.347826086956,6
PRV51038,1.0,30,26,7653.333333333333,16
PRV51040,1.0,9,8,7000.0,5
PRV51046,1.0,8,7,12625.0,6
PRV51056,1.0,2,2,4000.0,1
PRV51059,1.0,25,23,16040.0,10
PRV51064,1.0,36,34,7777.777777777777,16
PRV51065,1.0,10,10,7500.0,3
PRV51067,1.0,12,11,27166.666666666668,4
PRV51068,1.0,9,9,8555.555555555555,2
PRV51072,1.0,12,12,6000.0,6
PRV51074,1.0,5,5,6200.0,3
PRV51077,1.0,16,13,12437.5,8
PRV51078,1.0,9,9,8444.444444444445,5
PRV51081,1.0,6,6,13166.666666666666,3
PRV51084,1.0,20,19,9550.0,10
PRV51086,1.0,31,30,13322.58064516129,18
PRV51089,1.0,18,18,9833.333333333334,6
PRV51093,1.0,2,2,5500.0,1
PRV51101,1.0,3,3,5533.333333333333,3
PRV51102,1.0,12,11,12333.333333333334,5
PRV51108,1.0,19,19,8210.526315789473,7
PRV51109,1.0,3,3,6000.0,1
PRV51110,1.0,5,5,5400.0,1
PRV51118,1.0,16,16,8500.0,6
PRV51119,1.0,94,81,10478.72340425532,43
PRV51120,1.0,7,7,7428.571428571428,4
PRV51121,1.0,6,6,13500.0,3
PRV51126,1.0,20,14,8850.0,8
PRV51128,1.0,5,3,18000.0,1
PRV51139,1.0,7,7,5900.0,4
PRV51140,1.0,47,45,6540.425531914893,21
PRV51142,1.0,7,5,13857.142857142857,5
PRV51145,1.0,161,125,9941.614906832297,81
PRV51146,1.0,162,157,9988.888888888889,69
PRV51148,1.0,34,33,11717.64705882353,18
PRV51149,1.0,116,108,9594.827586206897,49
PRV51151,1.0,22,22,6454.545454545455,11
PRV51159,1.0,65,60,9779.384615384615,32
PRV51160,1.0,90,87,9622.222222222223,25
PRV51164,1.0,41,40,10804.878048780487,12
PRV51165,1.0,26,26,11769.23076923077,10
PRV51168,1.0,9,9,7000.0,3
PRV51170,1.0,8,8,18125.0,4
PRV51173,1.0,7,7,12857.142857142857,3
PRV51178,1.0,34,33,12411.764705882353,13
PRV51180,1.0,2,2,23500.0,1
PRV51183,1.0,41,41,8214.634146341463,18
PRV51207,1.0,3,3,17000.0,1
PRV51232,1.0,1,1,26000.0,1
PRV51233,1.0,3,3,9000.0,1
PRV51238,1.0,8,8,16500.0,1
PRV51240,1.0,11,11,7363.636363636364,3
PRV51241,1.0,10,9,7800.0,3
PRV51242,1.0,11,10,8000.0,2
PRV51244,1.0,200,166,8980.5,83
PRV51245,1.0,4,4,5000.0,1
PRV51247,1.0,10,7,7400.0,6
PRV51249,1.0,51,40,9921.56862745098,20
PRV51252,1.0,18,18,7888.888888888889,10
PRV51258,1.0,8,7,12250.0,4
PRV51259,1.0,4,3,37500.0,1
PRV51261,1.0,26,25,9423.076923076924,5
PRV51263,1.0,18,15,11666.666666666666,9
PRV51266,1.0,10,10,7830.0,5
PRV51274,1.0,10,10,16500.0,4
PRV51276,1.0,14,12,8285.714285714286,3
PRV51277,1.0,10,10,12100.0,7
PRV51282,1.0,8,8,8250.0,1
PRV51284,1.0,17,17,10705.882352941177,7
PRV51285,1.0,15,13,10733.333333333334,3
PRV51286,1.0,15,12,9066.666666666666,5
PRV51288,1.0,3,3,12333.333333333334,1
PRV51296,1.0,3,3,11000.0,2
PRV51297,1.0,5,4,10200.0,1
PRV51300,1.0,7,5,13285.714285714286,4
PRV51301,1.0,6,6,18000.0,2
PRV51302,1.0,10,10,7600.0,2
PRV51305,1.0,11,9,8909.09090909091,3
PRV51311,1.0,3,3,4333.333333333333,3
PRV51312,1.0,4,3,4750.0,2
PRV51316,1.0,3,3,7000.0,2
PRV51318,1.0,3,3,4333.333333333333,1
PRV51334,1.0,2,2,7500.0,1
PRV51336,1.0,10,10,11600.0,6
PRV51337,1.0,40,37,8750.0,21
PRV51342,1.0,28,28,11392.857142857143,11
PRV51346,1.0,5,5,8200.0,1
PRV51348,1.0,19,19,7684.210526315789,9
PRV51350,1.0,21,20,6761.9047619047615,6
PRV51353,1.0,5,5,10000.0,2
PRV51355,1.0,15,12,8940.0,9
PRV51356,1.0,17,17,9823.529411764706,7
PRV51357,1.0,13,13,13076.923076923076,2
PRV51360,1.0,9,9,9555.555555555555,1
PRV51364,1.0,6,6,8666.666666666666,5
PRV51371,1.0,11,11,7581.818181818182,3
PRV51377,1.0,3,3,34000.0,3
PRV51378,1.0,108,85,11129.62962962963,44
PRV51383,1.0,9,9,9888.888888888889,2
PRV51387,1.0,13,13,7384.615384615385,3
PRV51388,1.0,14,14,11357.142857142857,7
PRV51389,1.0,18,18,7555.555555555556,5
PRV51390,1.0,164,146,9619.512195121952,64
PRV51391,1.0,13,13,6115.384615384615,4
PRV51393,1.0,68,57,10514.70588235294,20
PRV51399,1.0,65,58,10944.615384615385,25
PRV51401,1.0,8,8,9750.0,1
PRV51403,1.0,10,8,25400.0,4
PRV51406,1.0,8,8,11875.0,5
PRV51418,1.0,17,17,10352.941176470587,8
PRV51421,1.0,84,80,10285.714285714286,41
PRV51425,1.0,3,3,3666.6666666666665,3
PRV51426,1.0,6,6,17666.666666666668,1
PRV51427,1.0,5,5,7600.0,1
PRV51430,1.0,17,17,10941.176470588236,8
PRV51431,1.0,25,22,8800.0,10
PRV51432,1.0,7,7,8000.0,1
PRV51434,1.0,24,22,10791.666666666666,12
PRV51435,1.0,6,6,4700.0,3
PRV51436,1.0,25,25,6840.0,12
PRV51443,1.0,2,2,6000.0,1
PRV51446,1.0,12,12,7833.333333333333,7
PRV51447,1.0,16,16,15375.0,8
PRV51448,1.0,11,11,9272.727272727272,4
PRV51456,1.0,112,103,9256.160714285714,45
PRV51460,1.0,17,16,12470.588235294117,9
PRV51466,1.0,5,5,8400.0,3
PRV51467,1.0,7,7,10114.285714285714,3
PRV51468,1.0,15,15,6866.666666666667,6
PRV51471,1.0,161,155,9902.48447204969,69
PRV51474,1.0,41,37,9765.853658536585,16
PRV51475,1.0,11,11,5745.454545454545,5
PRV51479,1.0,13,13,6230.7692307692305,8
PRV51482,1.0,11,11,17090.909090909092,7
PRV51490,1.0,48,40,9020.833333333334,15
PRV51491,1.0,8,8,5875.0,4
PRV51492,1.0,14,14,9500.0,5
PRV51495,1.0,90,77,9277.777777777777,38
PRV51497,1.0,4,4,25500.0,2
PRV51501,1.0,223,207,9284.663677130045,84
PRV51507,1.0,6,6,7166.666666666667,2
PRV51514,1.0,21,18,10485.714285714286,9
PRV51515,1.0,5,5,8000.0,3
PRV51518,1.0,5,5,6600.0,2
PRV51522,1.0,12,12,11583.333333333334,4
PRV51523,1.0,60,60,12216.666666666666,24
PRV51532,1.0,6,6,10000.0,2
PRV51533,1.0,13,13,7076.923076923077,6
PRV51539,1.0,69,68,10623.478260869566,30
PRV51542,1.0,93,78,10220.430107526881,45
PRV51544,1.0,45,45,9533.333333333334,15
PRV51546,1.0,9,9,11555.555555555555,4
PRV51549,1.0,8,8,9375.0,2
PRV51550,1.0,16,16,6625.0,6
PRV51551,1.0,5,5,21200.0,3
PRV51552,1.0,10,10,8300.0,6
PRV51553,1.0,6,6,6000.0,3
PRV51556,1.0,10,10,11800.0,4
PRV51558,1.0,5,5,4400.0,1
PRV51560,1.0,200,167,9723.0,83
PRV51566,1.0,15,14,5800.0,6
PRV51576,1.0,5,5,12600.0,3
PRV51578,1.0,122,117,10401.639344262296,49
PRV51579,1.0,18,17,13111.111111111111,7
PRV51584,1.0,13,13,12230.76923076923,5
PRV51585,1.0,4,4,19250.0,2
PRV51586,1.0,6,6,12000.0,3
PRV51588,1.0,3,2,19333.333333333332,1
PRV51590,1.0,81,79,9641.975308641975,38
PRV51593,1.0,12,12,11583.333333333334,2
PRV51596,1.0,3,3,10666.666666666666,1
PRV51598,1.0,61,61,11114.754098360656,25
PRV51599,1.0,3,3,5333.333333333333,1
PRV51600,1.0,3,3,3000.0,2
PRV51602,1.0,12,12,6000.0,4
PRV51604,1.0,50,44,12340.0,22
PRV51605,1.0,5,5,5400.0,4
PRV51606,1.0,10,10,5700.0,5
PRV51608,1.0,9,9,7888.888888888889,2
PRV51609,1.0,12,12,8500.0,3
PRV51612,1.0,6,6,11000.0,3
PRV51613,1.0,4,4,4500.0,2
PRV51614,1.0,148,129,9770.27027027027,60
PRV51617,1.0,11,11,9909.09090909091,2
PRV51619,1.0,8,7,9375.0,5
PRV51622,1.0,9,9,5888.888888888889,3
PRV51623,1.0,7,7,7571.428571428572,1
PRV51625,1.0,4,4,4750.0,1
PRV51629,1.0,22,20,9681.818181818182,9
PRV51638,1.0,2,2,9000.0,1
PRV51639,1.0,12,12,9000.0,2
PRV51640,1.0,3,3,5333.333333333333,1
PRV51647,1.0,6,6,7283.333333333333,3
PRV51688,1.0,2,2,11000.0,1
PRV51690,1.0,7,7,7428.571428571428,1
PRV51710,1.0,14,14,8642.857142857143,5
PRV51715,1.0,3,3,22000.0,2
PRV51805,1.0,3,3,22333.333333333332,1
PRV51807,1.0,7,7,14000.0,3
PRV51809,1.0,27,26,8963.703703703704,14
PRV51811,1.0,15,15,13266.666666666666,4
PRV51812,1.0,1,1,6000.0,1
PRV51813,1.0,10,10,11000.0,5
PRV51816,1.0,7,7,9714.285714285714,3
PRV51818,1.0,29,27,9206.896551724138,16
PRV51819,1.0,2,2,3500.0,2
PRV51820,1.0,5,5,5000.0,1
PRV51821,1.0,10,10,13800.0,5
PRV51823,1.0,8,8,5500.0,3
PRV51824,1.0,10,9,5990.0,4
PRV51826,1.0,21,20,12619.047619047618,7
PRV51827,1.0,18,17,7222.222222222223,8
PRV51828,1.0,11,11,10090.90909090909,4
PRV51829,1.0,5,5,7200.0,3
PRV51830,1.0,6,6,3333.3333333333335,1
PRV51831,1.0,2,2,14000.0,1
PRV51833,1.0,3,3,5000.0,1
PRV51837,1.0,15,15,11533.333333333334,7
PRV51840,1.0,39,35,9300.0,16
PRV51841,1.0,8,7,14875.0,2
PRV51842,1.0,117,89,9963.247863247863,43
PRV51845,1.0,11,10,9272.727272727272,6
PRV51851,1.0,53,47,10339.622641509433,24
PRV51855,1.0,16,13,7875.0,4
PRV51857,1.0,26,21,14576.923076923076,13
PRV51862,1.0,8,8,11125.0,2
PRV51863,1.0,19,17,14105.263157894737,7
PRV51864,1.0,6,6,10000.0,2
PRV51868,1.0,100,82,10930.6,34
PRV51873,1.0,26,26,11576.923076923076,8
PRV51876,1.0,18,17,12888.888888888889,6
PRV51884,1.0,5,5,14600.0,1
PRV51919,1.0,6,6,16833.333333333332,3
PRV51920,1.0,9,9,11111.111111111111,5
PRV51927,1.0,5,5,12800.0,1
PRV51929,1.0,8,8,8875.0,2
PRV51938,1.0,2,2,5500.0,1
PRV51940,1.0,193,170,10176.165803108808,74
PRV51946,1.0,23,22,7913.04347826087,8
PRV51948,1.0,143,130,9865.734265734265,58
PRV51949,1.0,19,18,12947.368421052632,7
PRV51951,1.0,48,35,9541.666666666666,22
PRV51954,1.0,23,23,11826.08695652174,5
PRV51957,1.0,24,23,8291.666666666666,8
PRV51960,1.0,21,20,12523.809523809523,8
PRV51976,1.0,7,7,8714.285714285714,3
PRV51979,1.0,13,12,10461.538461538461,7
PRV51981,1.0,5,5,3600.0,1
PRV52002,1.0,24,24,12458.333333333334,11
PRV52003,1.0,77,68,10103.896103896104,22
PRV52017,1.0,23,22,10217.391304347826,9
PRV52019,1.0,516,458,10815.639534883721,203
PRV52020,1.0,92,89,11166.304347826086,35
PRV52021,1.0,181,153,10008.28729281768,67
PRV52027,1.0,46,46,8152.173913043478,19
PRV52028,1.0,4,4,16500.0,1
PRV52029,1.0,11,11,11363.636363636364,6
PRV52030,1.0,4,4,13500.0,2
PRV52032,1.0,56,55,9562.5,22
PRV52038,1.0,22,21,7863.636363636364,9
PRV52044,1.0,43,39,9325.581395348838,18
PRV52045,1.0,46,44,11363.04347826087,16
PRV52047,1.0,15,12,9600.0,5
PRV52057,1.0,10,9,14800.0,7
PRV52059,1.0,13,13,12000.0,5
PRV52063,1.0,88,73,10443.181818181818,47
PRV52064,1.0,38,38,9210.526315789473,21
PRV52065,1.0,116,113,10293.103448275862,50
PRV52072,1.0,41,38,9707.317073170732,16
PRV52073,1.0,28,28,12321.42857142857,17
PRV52074,1.0,11,11,12363.636363636364,3
PRV52076,1.0,56,55,9142.857142857143,25
PRV52077,1.0,104,91,10384.615384615385,48
PRV52079,1.0,7,7,5500.0,3
PRV52084,1.0,10,10,10200.0,3
PRV52089,1.0,15,14,11666.666666666666,9
PRV52092,1.0,12,12,8666.666666666666,6
PRV52094,1.0,8,7,18750.0,3
PRV52100,1.0,164,140,9287.80487804878,65
PRV52107,1.0,10,10,9300.0,5
PRV52111,1.0,9,9,7222.222222222223,4
PRV52112,1.0,24,24,10208.333333333334,9
PRV52114,1.0,105,93,10571.42857142857,44
PRV52115,1.0,20,19,11500.0,8
PRV52119,1.0,16,16,12000.0,11
PRV52120,1.0,165,143,9849.69696969697,73
PRV52123,1.0,162,140,8787.654320987655,62
PRV52124,1.0,7,7,21142.85714285714,2
PRV52126,1.0,39,37,9461.538461538461,15
PRV52128,1.0,53,52,8717.924528301886,17
PRV52131,1.0,31,28,10641.935483870968,13
PRV52135,1.0,210,189,8649.047619047618,92
PRV52136,1.0,40,40,9025.0,18
PRV52141,1.0,3,3,5666.666666666667,1
PRV52142,1.0,28,28,8675.0,9
PRV52144,1.0,12,12,7416.666666666667,3
PRV52146,1.0,24,23,9875.0,8
PRV52147,1.0,18,18,13111.111111111111,11
PRV52148,1.0,42,41,8119.047619047619,12
PRV52149,1.0,16,16,9625.0,7
PRV52150,1.0,31,31,11870.967741935483,12
PRV52151,1.0,47,45,9697.872340425532,19
PRV52152,1.0,47,45,9531.489361702128,25
PRV52155,1.0,12,12,7000.0,4
PRV52156,1.0,13,13,18307.69230769231,5
PRV52157,1.0,43,40,10325.581395348838,16
PRV52159,1.0,24,24,9375.0,9
PRV52165,1.0,10,9,9100.0,5
PRV52167,1.0,9,9,11000.0,3
PRV52173,1.0,119,108,11608.403361344537,45
PRV52176,1.0,21,21,14857.142857142857,6
PRV52177,1.0,5,5,5400.0,2
PRV52178,1.0,133,118,10371.42857142857,48
PRV52179,1.0,2,2,12000.0,1
PRV52181,1.0,10,10,10500.0,4
PRV52182,1.0,5,5,5800.0,3
PRV52188,1.0,14,13,11785.714285714286,8
PRV52192,1.0,6,4,8166.666666666667,1
PRV52195,1.0,10,10,12000.0,5
PRV52197,1.0,10,10,11400.0,4
PRV52265,1.0,30,27,8666.666666666666,14
PRV52266,1.0,37,30,12443.243243243243,13
PRV52267,1.0,10,10,7890.0,6
PRV52278,1.0,16,16,14687.5,5
PRV52279,1.0,82,76,9548.780487804877,33
PRV52280,1.0,41,38,9634.146341463415,15
PRV52281,1.0,41,41,9951.219512195123,25
PRV52282,1.0,6,6,12833.333333333334,3
PRV52283,1.0,66,54,9010.60606060606,18
PRV52285,1.0,19,19,7578.9473684210525,4
PRV52286,1.0,5,5,18000.0,1
PRV52289,1.0,4,4,4500.0,1
PRV52290,1.0,10,10,6800.0,5
PRV52291,1.0,17,16,7529.411764705882,9
PRV52292,1.0,25,25,12120.0,10
PRV52294,1.0,7,7,7714.285714285715,2
PRV52295,1.0,5,5,3800.0,2
PRV52298,1.0,9,7,10333.333333333334,5
PRV52300,1.0,3,3,18333.333333333332,1
PRV52302,1.0,11,8,11545.454545454546,4
PRV52303,1.0,23,23,11217.391304347826,13
PRV52307,1.0,53,52,14528.301886792453,19
PRV52308,1.0,40,32,9117.5,16
PRV52314,1.0,40,35,10300.0,20
PRV52315,1.0,5,5,8000.0,2
PRV52320,1.0,69,62,11536.231884057972,26
PRV52321,1.0,33,28,11121.212121212122,15
PRV52325,1.0,27,23,9477.777777777777,10
PRV52326,1.0,8,7,8250.0,6
PRV52331,1.0,9,8,6111.111111111111,3
PRV52334,1.0,8,8,11625.0,2
PRV52340,1.0,224,176,9265.17857142857,90
PRV52342,1.0,51,45,11705.882352941177,23
PRV52343,1.0,42,38,9623.809523809523,16
PRV52344,1.0,23,18,10826.08695652174,5
PRV52346,1.0,19,18,10578.947368421053,8
PRV52347,1.0,50,46,12528.0,20
PRV52348,1.0,9,8,9444.444444444445,4
PRV52350,1.0,7,7,4285.714285714285,3
PRV52353,1.0,6,4,23333.333333333332,2
PRV52357,1.0,8,7,8625.0,1
PRV52359,1.0,42,39,9833.333333333334,16
PRV52366,1.0,25,25,9052.0,9
PRV52367,1.0,4,4,14750.0,1
PRV52372,1.0,27,24,9925.925925925925,7
PRV52378,1.0,3,3,3666.6666666666665,2
PRV52387,1.0,13,11,8153.846153846154,5
PRV52392,1.0,5,4,10000.0,3
PRV52393,1.0,16,12,11125.0,7
PRV52396,1.0,17,16,8705.882352941177,7
PRV52398,1.0,12,11,15666.666666666666,3
PRV52402,1.0,57,56,9385.964912280702,15
PRV52403,1.0,2,2,6500.0,1
PRV52404,1.0,7,6,8428.57142857143,3
PRV52405,1.0,22,22,7681.818181818182,6
PRV52419,1.0,5,3,13600.0,2
PRV52427,1.0,3,3,10000.0,3
PRV52446,1.0,10,10,12900.0,8
PRV52452,1.0,2,2,10000.0,2
PRV52457,1.0,9,9,13000.0,1
PRV52459,1.0,50,49,10118.0,21
PRV52460,1.0,13,9,6923.076923076923,4
PRV52461,1.0,7,7,6857.142857142857,5
PRV52462,1.0,2,2,8000.0,2
PRV52464,1.0,2,2,6000.0,1
PRV52466,1.0,13,11,10692.307692307691,5
PRV52467,1.0,8,7,21125.0,5
PRV52469,1.0,6,6,9000.0,3
PRV52472,1.0,18,17,10388.888888888889,5
PRV52474,1.0,22,20,10181.818181818182,7
PRV52476,1.0,6,6,14000.0,4
PRV52480,1.0,5,5,8000.0,3
PRV52495,1.0,12,11,8083.333333333333,6
PRV52497,1.0,4,4,13750.0,2
PRV52502,1.0,26,16,8925.76923076923,11
PRV52503,1.0,5,4,8800.0,1
PRV52504,1.0,14,9,8014.285714285715,3
PRV52509,1.0,6,6,16000.0,4
PRV52511,1.0,75,61,9002.666666666666,32
PRV52519,1.0,6,6,16333.333333333334,3
PRV52544,1.0,6,6,5666.666666666667,3
PRV52552,1.0,11,11,9727.272727272728,6
PRV52556,1.0,46,40,9717.391304347826,26
PRV52562,1.0,6,5,12000.0,1
PRV52565,1.0,11,11,9909.09090909091,6
PRV52570,1.0,8,8,7750.0,1
PRV52574,1.0,146,117,10266.438356164384,61
PRV52578,1.0,37,28,9405.405405405405,14
PRV52582,1.0,19,19,10000.0,9
PRV52583,1.0,26,26,7538.461538461538,11
PRV52588,1.0,17,17,9823.529411764706,7
PRV52589,1.0,81,71,8935.802469135802,34
PRV52590,1.0,115,107,10470.0,40
PRV52592,1.0,7,6,8000.0,3
PRV52609,1.0,5,4,11600.0,1
PRV52617,1.0,42,39,8309.52380952381,16
PRV52621,1.0,24,21,7333.333333333333,7
PRV52622,1.0,4,4,4000.0,1
PRV52623,1.0,10,10,14700.0,4
PRV52630,1.0,87,78,8901.149425287356,29
PRV52634,1.0,58,50,7248.275862068966,26
PRV52641,1.0,21,20,7809.523809523809,10
PRV52642,1.0,146,130,8575.342465753425,52
PRV52646,1.0,34,33,8588.235294117647,14
PRV52651,1.0,3,3,11000.0,2
PRV52654,1.0,58,56,7822.413793103448,28
PRV52684,1.0,5,5,13200.0,1
PRV52687,1.0,6,5,9333.333333333334,2
PRV52688,1.0,6,5,16500.0,3
PRV52708,1.0,5,4,6400.0,2
PRV52717,1.0,20,18,9250.0,8
PRV52722,1.0,9,8,8444.444444444445,3
PRV52723,1.0,18,16,9388.888888888889,9
PRV52787,1.0,11,11,6090.909090909091,4
PRV52806,1.0,2,2,8000.0,1
PRV52807,1.0,2,2,8500.0,1
PRV52808,1.0,4,4,7750.0,1
PRV52810,1.0,6,6,12666.666666666666,2
PRV52813,1.0,17,15,8352.941176470587,7
PRV52814,1.0,2,2,3000.0,2
PRV52815,1.0,26,24,15000.0,8
PRV52821,1.0,173,131,9601.156069364162,62
PRV52823,1.0,7,7,6571.428571428572,2
PRV52828,1.0,23,20,9217.391304347826,12
PRV52829,1.0,6,6,6666.666666666667,4
PRV52831,1.0,20,19,12300.0,11
PRV52842,1.0,24,24,11916.666666666666,15
PRV52843,1.0,47,42,11553.191489361701,15
PRV52846,1.0,175,164,11999.028571428571,67
PRV52847,1.0,62,47,9854.838709677419,21
PRV52851,1.0,8,8,7625.0,3
PRV52855,1.0,3,3,8333.333333333334,2
PRV52857,1.0,6,6,9000.0,4
PRV52858,1.0,14,13,10214.285714285714,6
PRV52862,1.0,56,48,7696.428571428572,19
PRV52865,1.0,6,6,11666.666666666666,3
PRV52868,1.0,42,33,9833.333333333334,15
PRV52870,1.0,35,25,8294.285714285714,9
PRV52876,1.0,18,17,9888.888888888889,8
PRV52881,1.0,20,20,7125.0,5
PRV52887,1.0,23,20,11261.304347826086,11
PRV52889,1.0,31,29,7387.096774193548,7
PRV52890,1.0,4,4,7250.0,2
PRV52892,1.0,7,7,14857.142857142857,2
PRV52896,1.0,17,16,15647.058823529413,9
PRV52898,1.0,48,45,10687.5,23
PRV52902,1.0,21,20,6095.238095238095,9
PRV52903,1.0,167,158,9278.922155688622,73
PRV52910,1.0,10,9,14900.0,2
PRV52916,1.0,6,6,10666.666666666666,2
PRV52918,1.0,13,12,8361.538461538461,3
PRV52920,1.0,2,2,6500.0,1
PRV52922,1.0,7,5,5714.285714285715,4
PRV52924,1.0,3,3,12000.0,3
PRV52926,1.0,4,4,12750.0,1
PRV52933,1.0,4,2,17000.0,2
PRV52936,1.0,4,4,6000.0,1
PRV52971,1.0,3,3,5000.0,1
PRV52972,1.0,17,14,12941.176470588236,9
PRV52976,1.0,4,4,7250.0,3
PRV52978,1.0,5,5,11800.0,3
PRV52979,1.0,6,6,11333.333333333334,3
PRV52985,1.0,121,92,11247.933884297521,48
PRV52986,1.0,9,7,13777.777777777777,2
PRV52989,1.0,70,56,12285.714285714286,31
PRV52990,1.0,22,17,8636.363636363636,7
PRV52991,1.0,8,8,10875.0,1
PRV52998,1.0,15,13,9820.0,6
PRV52999,1.0,8,6,7125.0,2
PRV53005,1.0,16,14,10012.5,6
PRV53007,1.0,37,30,10405.405405405405,16
PRV53008,1.0,39,35,9000.0,15
PRV53009,1.0,5,5,6200.0,4
PRV53021,1.0,18,15,11833.333333333334,9
PRV53029,1.0,4,3,9500.0,2
PRV53032,1.0,5,4,8800.0,5
PRV53040,1.0,5,5,10200.0,3
PRV53050,1.0,2,2,1500.0,1
PRV53052,1.0,1,1,4000.0,1
PRV53063,1.0,2,2,3500.0,1
PRV53070,1.0,12,10,9250.0,7
PRV53091,1.0,4,4,4750.0,1
PRV53101,1.0,2,2,4500.0,2
PRV53103,1.0,7,7,11000.0,1
PRV53104,1.0,28,21,8553.57142857143,13
PRV53107,1.0,9,9,11444.444444444445,3
PRV53108,1.0,5,5,10800.0,3
PRV53111,1.0,7,6,8142.857142857143,3
PRV53114,1.0,14,10,19571.428571428572,5
PRV53117,1.0,18,18,7055.555555555556,8
PRV53120,1.0,10,10,10100.0,4
PRV53121,1.0,48,42,8500.0,21
PRV53124,1.0,20,16,8450.0,7
PRV53131,1.0,6,6,7833.333333333333,1
PRV53135,1.0,7,6,9714.285714285714,2
PRV53141,1.0,32,30,9781.25,10
PRV53142,1.0,39,36,9666.666666666666,21
PRV53143,1.0,4,3,16000.0,1
PRV53144,1.0,4,4,7575.0,4
PRV53153,1.0,6,4,19333.333333333332,3
PRV53189,1.0,4,3,10500.0,1
PRV53208,1.0,4,4,13750.0,1
PRV53220,1.0,5,5,22000.0,2
PRV53225,1.0,49,47,8475.510204081633,14
PRV53226,1.0,19,19,7894.736842105263,8
PRV53233,1.0,13,12,7384.615384615385,5
PRV53236,1.0,9,8,10666.666666666666,5
PRV53238,1.0,9,9,10888.888888888889,4
PRV53239,1.0,19,15,10368.421052631578,8
PRV53242,1.0,105,91,10876.190476190477,38
PRV53243,1.0,9,9,11111.111111111111,3
PRV53244,1.0,42,37,8130.952380952381,13
PRV53245,1.0,16,13,11000.0,5
PRV53247,1.0,7,7,8428.57142857143,2
PRV53249,1.0,6,5,9000.0,3
PRV53251,1.0,4,4,7250.0,1
PRV53256,1.0,36,32,10027.777777777777,14
PRV53265,1.0,27,19,11666.666666666666,11
PRV53266,1.0,88,81,10353.40909090909,37
PRV53268,1.0,7,7,9857.142857142857,4
PRV53269,1.0,112,96,8544.642857142857,51
PRV53272,1.0,4,4,6250.0,3
PRV53277,1.0,15,14,8066.666666666667,6
PRV53281,1.0,21,18,6238.0952380952385,5
PRV53284,1.0,6,6,6666.666666666667,5
PRV53292,1.0,5,5,4600.0,1
PRV53295,1.0,29,29,10379.310344827587,11
PRV53297,1.0,15,13,11066.666666666666,8
PRV53298,1.0,8,8,6625.0,4
PRV53308,1.0,7,5,16714.285714285714,3
PRV53309,1.0,4,4,8000.0,2
PRV53314,1.0,4,3,19250.0,1
PRV53317,1.0,5,4,9000.0,3
PRV53319,1.0,13,9,7615.384615384615,5
PRV53320,1.0,3,2,21666.666666666668,2
PRV53377,1.0,7,7,8142.857142857143,2
PRV53378,1.0,10,10,7400.0,6
PRV53379,1.0,11,10,13909.09090909091,4
PRV53381,1.0,11,9,12181.818181818182,6
PRV53384,1.0,38,28,8710.526315789473,12
PRV53385,1.0,106,88,9955.66037735849,39
PRV53388,1.0,11,10,8818.181818181818,3
PRV53394,1.0,47,43,9425.531914893618,16
PRV53396,1.0,45,37,9755.555555555555,19
PRV53401,1.0,130,113,8469.23076923077,52
PRV53405,1.0,21,21,9142.857142857143,4
PRV53407,1.0,3,2,5333.333333333333,2
PRV53409,1.0,3,3,8000.0,1
PRV53417,1.0,7,7,10857.142857142857,4
PRV53421,1.0,95,77,10357.894736842105,38
PRV53423,1.0,5,4,6800.0,1
PRV53424,1.0,37,28,10135.135135135135,16
PRV53438,1.0,8,8,7250.0,5
PRV53441,1.0,14,13,13142.857142857143,6
PRV53442,1.0,8,7,10250.0,6
PRV53444,1.0,10,9,9700.0,3
PRV53448,1.0,10,10,7620.0,4
PRV53451,1.0,5,5,5000.0,2
PRV53461,1.0,14,12,22500.0,5
PRV53463,1.0,3,3,4333.333333333333,2
PRV53483,1.0,2,2,5000.0,1
PRV53489,1.0,5,3,14200.0,3
PRV53507,1.0,9,8,6888.888888888889,6
PRV53517,1.0,2,2,8500.0,1
PRV53519,1.0,9,9,6777.777777777777,4
PRV53590,1.0,7,7,13714.285714285714,2
PRV53591,1.0,6,6,11666.666666666666,2
PRV53597,1.0,6,6,6833.333333333333,1
PRV53598,1.0,8,8,8750.0,4
PRV53599,1.0,3,3,7333.333333333333,1
PRV53601,1.0,2,2,3000.0,1
PRV53602,1.0,4,4,5250.0,2
PRV53604,1.0,6,5,8500.0,1
PRV53612,1.0,6,6,4500.0,4
PRV53613,1.0,15,14,9133.333333333334,6
PRV53618,1.0,12,11,5000.0,9
PRV53620,1.0,6,5,6333.333333333333,1
PRV53628,1.0,4,3,4750.0,1
PRV53635,1.0,5,5,16400.0,1
PRV53667,1.0,9,8,17222.222222222223,3
PRV53668,1.0,16,16,8825.0,4
PRV53671,1.0,31,24,7990.322580645161,14
PRV53673,1.0,14,14,12785.714285714286,3
PRV53675,1.0,76,72,8956.578947368422,32
PRV53677,1.0,63,53,10365.079365079366,29
PRV53692,1.0,146,125,9358.90410958904,56
PRV53697,1.0,71,62,12225.352112676057,21
PRV53706,1.0,282,262,9843.971631205673,99
PRV53710,1.0,58,50,9206.896551724138,26
PRV53712,1.0,161,143,11549.689440993789,56
PRV53746,1.0,6,6,5833.333333333333,2
PRV53749,1.0,24,21,9625.0,14
PRV53762,1.0,84,59,10892.857142857143,32
PRV53763,1.0,58,57,12741.379310344828,18
PRV53769,1.0,132,126,12309.848484848484,46
PRV53770,1.0,77,68,10487.012987012988,31
PRV53774,1.0,50,44,10920.0,19
PRV53776,1.0,47,45,11276.595744680852,19
PRV53781,1.0,79,74,11070.886075949367,34
PRV53786,1.0,36,33,9500.0,9
PRV53787,1.0,32,32,9062.5,15
PRV53790,1.0,44,44,11454.545454545454,15
PRV53791,1.0,6,5,7000.0,5
PRV53792,1.0,33,32,7909.090909090909,16
PRV53802,1.0,46,42,9739.130434782608,15
PRV53807,1.0,36,36,9563.888888888889,9
PRV53808,1.0,195,185,9508.71794871795,79
PRV53814,1.0,3,3,6000.0,1
PRV53855,1.0,20,17,7050.0,8
PRV53857,1.0,10,10,14000.0,3
PRV53862,1.0,4,4,12500.0,3
PRV53865,1.0,6,6,10000.0,2
PRV53867,1.0,9,9,10000.0,4
PRV53872,1.0,9,9,11666.666666666666,4
PRV53873,1.0,14,13,6928.571428571428,5
PRV53884,1.0,117,98,8520.51282051282,53
PRV53889,1.0,9,9,6666.666666666667,4
PRV53892,1.0,8,7,15000.0,3
PRV53894,1.0,15,14,14333.333333333334,6
PRV53910,1.0,27,27,9407.407407407407,8
PRV53911,1.0,14,14,12642.857142857143,6
PRV53917,1.0,7,6,7471.428571428572,3
PRV53919,1.0,6,6,8466.666666666666,2
PRV53920,1.0,3,3,12000.0,1
PRV53921,1.0,9,9,6115.555555555556,4
PRV53923,1.0,30,29,8100.0,15
PRV53925,1.0,20,18,7400.0,9
PRV53932,1.0,82,80,10487.80487804878,24
PRV53937,1.0,17,17,12411.764705882353,6
PRV53938,1.0,82,62,7768.292682926829,32
PRV53939,1.0,6,6,18666.666666666668,1
PRV53941,1.0,6,5,9833.333333333334,3
PRV53942,1.0,8,8,9125.0,2
PRV53943,1.0,8,8,7875.0,4
PRV53951,1.0,22,18,9590.90909090909,9
PRV53958,1.0,23,22,9260.869565217392,9
PRV53959,1.0,76,73,11400.0,33
PRV53961,1.0,97,92,8184.5360824742265,43
PRV53972,1.0,6,5,5833.333333333333,3
PRV53985,1.0,8,7,13500.0,3
PRV53986,1.0,11,11,7090.909090909091,2
PRV53990,1.0,5,4,8600.0,2
PRV53996,1.0,2,2,5500.0,1
PRV54001,1.0,8,8,7625.0,2
PRV54051,1.0,5,5,7600.0,3
PRV54052,1.0,6,6,12500.0,3
PRV54055,1.0,25,25,8560.0,11
PRV54056,1.0,21,15,9380.952380952382,7
PRV54058,1.0,35,34,8114.285714285715,16
PRV54059,1.0,18,18,9555.555555555555,10
PRV54060,1.0,16,16,10250.0,4
PRV54061,1.0,4,3,7500.0,3
PRV54064,1.0,16,15,11187.5,3
PRV54065,1.0,24,20,9916.666666666666,8
PRV54072,1.0,6,6,16500.0,2
PRV54073,1.0,7,6,14285.714285714286,3
PRV54074,1.0,23,23,13869.565217391304,6
PRV54075,1.0,32,31,8937.5,13
PRV54076,1.0,9,9,8666.666666666666,6
PRV54077,1.0,52,46,10019.23076923077,22
PRV54078,1.0,20,18,9650.0,11
PRV54081,1.0,11,10,12272.727272727272,4
PRV54083,1.0,8,8,7500.0,2
PRV54085,1.0,58,58,9517.241379310344,24
PRV54090,1.0,32,27,8781.25,14
PRV54093,1.0,41,40,12236.585365853658,16
PRV54098,1.0,9,7,6342.222222222223,2
PRV54099,1.0,14,14,10285.714285714286,5
PRV54101,1.0,11,10,5454.545454545455,4
PRV54102,1.0,9,7,9777.777777777777,4
PRV54103,1.0,8,7,7250.0,2
PRV54106,1.0,5,5,12400.0,3
PRV54111,1.0,54,43,10148.148148148148,20
PRV54114,1.0,3,3,6666.666666666667,1
PRV54139,1.0,5,4,7800.0,3
PRV54149,1.0,5,3,6400.0,1
PRV54153,1.0,3,3,13333.333333333334,1
PRV54200,1.0,13,13,13314.615384615385,5
PRV54201,1.0,4,4,4900.0,2
PRV54202,1.0,10,10,13700.0,3
PRV54204,1.0,4,4,15550.0,3
PRV54205,1.0,9,8,7222.222222222223,4
PRV54208,1.0,10,8,10930.0,3
PRV54209,1.0,20,19,7330.0,6
PRV54213,1.0,21,19,7619.047619047619,6
PRV54215,1.0,14,11,10142.857142857143,7
PRV54220,1.0,8,7,20625.0,1
PRV54228,1.0,41,29,7414.634146341464,17
PRV54230,1.0,44,39,8886.363636363636,18
PRV54232,1.0,8,6,12312.5,5
PRV54242,1.0,4,4,7000.0,1
PRV54244,1.0,49,46,10628.57142857143,18
PRV54245,1.0,14,13,8500.0,7
PRV54251,1.0,6,6,9500.0,3
PRV54253,1.0,4,4,20000.0,1
PRV54258,1.0,118,95,10050.847457627118,50
PRV54259,1.0,12,10,6500.0,4
PRV54262,1.0,1,1,3000.0,1
PRV54266,1.0,21,18,15619.047619047618,10
PRV54276,1.0,4,4,21500.0,1
PRV54284,1.0,8,5,7250.0,1
PRV54297,1.0,8,7,21000.0,1
PRV54324,1.0,32,28,8312.5,11
PRV54325,1.0,15,15,9466.666666666666,6
PRV54326,1.0,5,4,4000.0,4
PRV54327,1.0,13,12,13615.384615384615,6
PRV54328,1.0,17,14,10176.470588235294,5
PRV54330,1.0,18,15,8111.111111111111,9
PRV54333,1.0,50,40,10940.0,16
PRV54335,1.0,19,19,9578.947368421053,7
PRV54336,1.0,14,13,11928.57142857143,6
PRV54337,1.0,64,61,9562.5,31
PRV54339,1.0,11,10,10181.818181818182,7
PRV54342,1.0,7,7,5600.0,6
PRV54348,1.0,91,85,10087.912087912087,40
PRV54350,1.0,105,86,10133.333333333334,31
PRV54354,1.0,25,22,9240.0,14
PRV54356,1.0,15,12,12246.666666666666,8
PRV54359,1.0,44,36,11000.0,18
PRV54361,1.0,7,6,10857.142857142857,4
PRV54363,1.0,12,12,9833.333333333334,5
PRV54367,1.0,322,279,9443.788819875776,123
PRV54372,1.0,21,21,9952.380952380952,8
PRV54375,1.0,16,13,8187.5,9
PRV54378,1.0,18,16,10388.888888888889,7
PRV54379,1.0,28,25,8785.714285714286,10
PRV54380,1.0,2,2,8000.0,1
PRV54381,1.0,13,13,10438.461538461539,4
PRV54382,1.0,66,62,9909.39393939394,21
PRV54384,1.0,2,2,18500.0,1
PRV54388,1.0,6,6,5000.0,2
PRV54390,1.0,38,33,8868.421052631578,14
PRV54391,1.0,21,19,7523.809523809524,13
PRV54399,1.0,13,13,12384.615384615385,8
PRV54402,1.0,6,6,9666.666666666666,3
PRV54404,1.0,2,2,3000.0,2
PRV54409,1.0,5,5,6400.0,1
PRV54426,1.0,9,8,10666.666666666666,2
PRV54461,1.0,12,12,12666.666666666666,4
PRV54480,1.0,6,6,6666.666666666667,2
PRV54497,1.0,5,5,10200.0,2
PRV54500,1.0,2,2,12500.0,1
PRV54501,1.0,3,3,13333.333333333334,2
PRV54502,1.0,3,3,18333.333333333332,3
PRV54504,1.0,44,36,9463.636363636364,14
PRV54505,1.0,5,3,10000.0,1
PRV54507,1.0,39,30,8717.948717948719,16
PRV54514,1.0,48,42,11595.833333333334,17
PRV54542,1.0,5,3,6600.0,3
PRV54555,1.0,6,6,8500.0,3
PRV54559,1.0,24,21,10208.333333333334,10
PRV54560,1.0,40,36,11400.0,16
PRV54561,1.0,25,23,8652.0,6
PRV54565,1.0,39,34,9948.71794871795,16
PRV54566,1.0,40,34,17100.0,11
PRV54567,1.0,6,5,18000.0,1
PRV54569,1.0,12,8,15916.666666666666,6
PRV54571,1.0,4,4,12000.0,2
PRV54575,1.0,33,31,13545.454545454546,13
PRV54576,1.0,14,14,8071.428571428572,2
PRV54577,1.0,45,42,10888.888888888889,17
PRV54616,1.0,2,2,11500.0,1
PRV54620,1.0,7,6,10428.57142857143,3
PRV54637,1.0,13,12,17384.615384615383,7
PRV54638,1.0,6,6,13666.666666666666,2
PRV54639,1.0,13,12,8461.538461538461,3
PRV54640,1.0,7,7,10285.714285714286,5
PRV54644,1.0,22,21,8818.181818181818,6
PRV54649,1.0,22,22,13727.272727272728,9
PRV54651,1.0,21,21,12857.142857142857,11
PRV54653,1.0,40,31,9275.0,13
PRV54657,1.0,17,17,16882.352941176472,6
PRV54658,1.0,27,27,6481.481481481482,14
PRV54662,1.0,3,3,5666.666666666667,1
PRV54667,1.0,9,7,8066.666666666667,3
PRV54675,1.0,37,34,11405.405405405405,19
PRV54676,1.0,40,36,9380.0,19
PRV54680,1.0,18,17,14277.777777777777,4
PRV54686,1.0,14,13,7571.428571428572,8
PRV54688,1.0,11,11,13000.0,3
PRV54692,1.0,48,38,7729.166666666667,16
PRV54696,1.0,6,6,19666.666666666668,4
PRV54705,1.0,20,17,8200.0,10
PRV54718,1.0,29,24,10413.793103448275,10
PRV54720,1.0,9,9,14111.111111111111,5
PRV54724,1.0,48,45,10187.5,20
PRV54737,1.0,13,13,12384.615384615385,4
PRV54739,1.0,45,40,13288.888888888889,23
PRV54742,1.0,231,198,10822.077922077922,93
PRV54745,1.0,10,10,8000.0,2
PRV54757,1.0,15,15,7000.0,5
PRV54760,1.0,24,22,8083.333333333333,8
PRV54764,1.0,13,13,11615.384615384615,4
PRV54765,1.0,196,162,10132.65306122449,82
PRV54767,1.0,8,8,5875.0,1
PRV54768,1.0,7,7,10285.714285714286,4
PRV54771,1.0,12,12,12583.333333333334,2
PRV54772,1.0,109,100,10273.394495412844,35
PRV54773,1.0,10,10,15600.0,3
PRV54778,1.0,64,60,8343.75,29
PRV54779,1.0,9,9,12333.333333333334,4
PRV54781,1.0,71,63,10436.61971830986,31
PRV54787,1.0,24,23,11750.0,6
PRV54812,1.0,12,12,13000.0,5
PRV54818,1.0,5,5,9200.0,1
PRV54819,1.0,23,21,6869.565217391304,9
PRV54821,1.0,7,7,5571.428571428572,5
PRV54822,1.0,16,16,8500.0,5
PRV54824,1.0,10,10,10000.0,5
PRV54831,1.0,4,4,7750.0,1
PRV54832,1.0,5,5,17200.0,1
PRV54834,1.0,6,6,9500.0,3
PRV54841,1.0,3,2,16666.666666666668,1
PRV54845,1.0,8,8,12000.0,3
PRV54846,1.0,9,8,12444.444444444445,5
PRV54847,1.0,10,9,6550.0,6
PRV54848,1.0,24,22,9958.333333333334,9
PRV54875,1.0,20,19,8600.0,11
PRV54876,1.0,3,3,19333.333333333332,1
PRV54879,1.0,60,49,9838.333333333334,29
PRV54881,1.0,33,33,8809.09090909091,13
PRV54882,1.0,32,32,9656.25,11
PRV54885,1.0,36,34,9722.222222222223,16
PRV54890,1.0,4,4,14500.0,3
PRV54891,1.0,6,5,12000.0,6
PRV54894,1.0,138,120,12548.550724637682,53
PRV54896,1.0,56,55,10553.57142857143,23
PRV54898,1.0,9,9,8000.0,5
PRV54903,1.0,7,6,8142.857142857143,2
PRV54909,1.0,8,8,10625.0,6
PRV54910,1.0,3,3,6666.666666666667,1
PRV54914,1.0,14,12,7785.714285714285,9
PRV54916,1.0,16,16,10312.5,12
PRV54917,1.0,15,15,7266.666666666667,3
PRV54918,1.0,71,61,11732.394366197183,28
PRV54924,1.0,21,19,11190.47619047619,9
PRV54925,1.0,39,33,11692.307692307691,17
PRV54926,1.0,8,8,9500.0,4
PRV54929,1.0,15,15,12800.0,5
PRV54931,1.0,24,22,10083.333333333334,12
PRV54933,1.0,29,23,9206.896551724138,12
PRV54934,1.0,18,15,9444.444444444445,5
PRV54935,1.0,3,3,1000.0,1
PRV54936,1.0,131,120,8522.137404580153,57
PRV54942,1.0,20,18,16900.0,8
PRV54949,1.0,42,35,10000.0,16
PRV54952,1.0,12,12,11833.333333333334,5
PRV54955,1.0,205,191,10234.146341463415,79
PRV54965,1.0,9,9,13333.333333333334,5
PRV54968,1.0,10,8,11200.0,4
PRV54970,1.0,6,6,5666.666666666667,4
PRV54971,1.0,52,43,8692.307692307691,18
PRV54973,1.0,9,9,4777.777777777777,4
PRV54981,1.0,81,76,10037.037037037036,39
PRV54986,1.0,153,148,10054.248366013071,51
PRV54990,1.0,4,4,10750.0,2
PRV54993,1.0,8,8,21725.0,1
PRV54997,1.0,5,5,6400.0,1
PRV54998,1.0,59,51,8983.050847457627,25
PRV55000,1.0,86,85,11387.209302325582,38
PRV55005,1.0,56,56,8928.57142857143,19
PRV55006,1.0,3,3,6333.333333333333,1
PRV55018,1.0,63,60,9714.285714285714,28
PRV55019,1.0,158,133,11571.518987341773,63
PRV55022,1.0,76,67,9276.315789473685,33
PRV55023,1.0,34,29,12000.0,13
PRV55027,1.0,13,13,11692.307692307691,6
PRV55028,1.0,20,17,9940.0,7
PRV55029,1.0,14,14,9642.857142857143,3
PRV55030,1.0,73,56,9931.506849315068,34
PRV55031,1.0,4,4,10250.0,2
PRV55034,1.0,26,25,10669.23076923077,9
PRV55037,1.0,11,11,10545.454545454546,5
PRV55039,1.0,31,30,8290.322580645161,16
PRV55041,1.0,5,5,11600.0,4
PRV55042,1.0,8,7,10525.0,1
PRV55048,1.0,82,76,10548.780487804877,33
PRV55049,1.0,75,70,9146.666666666666,27
PRV55051,1.0,7,7,8571.42857142857,4
PRV55120,1.0,8,8,7250.0,4
PRV55121,1.0,20,20,8653.5,6
PRV55128,1.0,8,8,13875.0,4
PRV55131,1.0,2,2,23500.0,1
PRV55132,1.0,10,10,10800.0,6
PRV55136,1.0,8,8,12750.0,1
PRV55138,1.0,3,3,8333.333333333334,3
PRV55140,1.0,9,9,9444.444444444445,2
PRV55144,1.0,2,2,20500.0,1
PRV55145,1.0,14,14,10214.285714285714,8
PRV55147,1.0,6,6,18700.0,2
PRV55149,1.0,16,16,9062.5,6
PRV55150,1.0,4,4,4750.0,2
PRV55152,1.0,10,10,7830.0,7
PRV55155,1.0,9,9,7555.555555555556,4
PRV55157,1.0,3,3,5333.333333333333,1
PRV55158,1.0,29,28,11620.689655172413,12
PRV55160,1.0,10,10,12000.0,2
PRV55164,1.0,17,16,12058.823529411764,7
PRV55165,1.0,30,28,9400.0,15
PRV55169,1.0,83,79,9732.530120481928,37
PRV55171,1.0,41,34,8902.439024390244,13
PRV55172,1.0,55,48,11109.09090909091,23
PRV55175,1.0,23,22,8304.347826086956,7
PRV55179,1.0,16,16,9437.5,5
PRV55180,1.0,7,7,10000.0,3
PRV55181,1.0,35,29,9542.857142857143,11
PRV55183,1.0,21,18,11380.952380952382,8
PRV55189,1.0,36,35,8777.777777777777,13
PRV55192,1.0,15,15,9806.666666666666,7
PRV55193,1.0,31,25,14193.548387096775,16
PRV55194,1.0,169,139,9550.295857988165,76
PRV55195,1.0,16,15,14750.0,7
PRV55203,1.0,5,5,8800.0,4
PRV55205,1.0,38,37,12842.105263157895,14
PRV55208,1.0,7,7,9714.285714285714,3
PRV55209,1.0,275,243,10022.181818181818,96
PRV55215,1.0,143,139,9491.608391608392,57
PRV55225,1.0,9,9,19888.88888888889,3
PRV55229,1.0,16,16,10687.5,5
PRV55230,1.0,225,197,11192.666666666666,77
PRV55232,1.0,28,27,9931.785714285714,9
PRV55236,1.0,20,18,11000.0,9
PRV55237,1.0,15,15,7400.0,7
PRV55240,1.0,11,11,6963.636363636364,6
PRV55242,1.0,10,7,6200.0,4
PRV55247,1.0,3,3,6400.0,1
PRV55250,1.0,23,19,11391.304347826086,11
PRV55256,1.0,4,4,6750.0,1
PRV55262,1.0,16,15,7187.5,9
PRV55266,1.0,9,7,4555.555555555556,3
PRV55269,1.0,3,3,4666.666666666667,1
PRV55374,1.0,33,31,10151.515151515152,11
PRV55375,1.0,14,14,10564.285714285714,10
PRV55378,1.0,14,13,9428.57142857143,4
PRV55379,1.0,4,4,9000.0,1
PRV55381,1.0,20,20,8300.0,4
PRV55382,1.0,8,8,16125.0,2
PRV55383,1.0,8,8,8750.0,5
PRV55385,1.0,8,7,8750.0,5
PRV55387,1.0,6,6,15000.0,2
PRV55392,1.0,23,20,10956.521739130434,11
PRV55396,1.0,15,15,9400.0,9
PRV55399,1.0,3,2,10333.333333333334,1
PRV55414,1.0,2,2,5000.0,1
PRV55416,1.0,2,2,3500.0,1
PRV55418,1.0,3,3,6000.0,2
PRV55430,1.0,7,6,11285.714285714286,5
PRV55431,1.0,2,2,29000.0,1
PRV55433,1.0,32,30,10393.75,10
PRV55435,1.0,128,113,9740.625,55
PRV55437,1.0,28,27,13775.0,13
PRV55441,1.0,7,6,8428.57142857143,2
PRV55442,1.0,15,15,6733.333333333333,4
PRV55443,1.0,30,27,11223.333333333334,13
PRV55444,1.0,114,95,11480.701754385966,43
PRV55452,1.0,31,27,11700.0,11
PRV55453,1.0,13,12,7846.153846153846,7
PRV55456,1.0,5,5,13600.0,2
PRV55462,1.0,386,308,11036.528497409327,156
PRV55465,1.0,9,8,10444.444444444445,2
PRV55467,1.0,6,6,9166.666666666666,2
PRV55472,1.0,21,17,12142.857142857143,11
PRV55482,1.0,41,38,12195.121951219513,13
PRV55483,1.0,65,50,11898.461538461539,28
PRV55490,1.0,19,17,8000.0,7
PRV55492,1.0,25,23,11040.0,10
PRV55495,1.0,24,24,11625.0,6
PRV55496,1.0,41,35,6560.975609756098,18
PRV55506,1.0,12,9,10400.0,3
PRV55509,1.0,28,27,12821.42857142857,8
PRV55514,1.0,7,7,7571.428571428572,4
PRV55516,1.0,22,22,9227.272727272728,9
PRV55518,1.0,11,11,11336.363636363636,6
PRV55519,1.0,7,6,13000.0,4
PRV55531,1.0,108,97,8185.185185185185,47
PRV55536,1.0,11,7,8900.0,6
PRV55540,1.0,23,20,9391.304347826086,13
PRV55543,1.0,4,4,13750.0,1
PRV55547,1.0,9,8,15000.0,4
PRV55550,1.0,37,35,12189.18918918919,12
PRV55552,1.0,4,4,26500.0,2
PRV55555,1.0,7,7,5285.714285714285,4
PRV55567,1.0,21,21,9776.190476190477,8
PRV55573,1.0,4,4,7250.0,3
PRV55583,1.0,3,3,6000.0,2
PRV55600,1.0,4,4,6250.0,1
PRV55604,1.0,17,17,7647.058823529412,8
PRV55606,1.0,4,3,10000.0,3
PRV55658,1.0,15,14,13093.333333333334,7
PRV55659,1.0,20,18,11350.0,9
PRV55661,1.0,14,11,14428.57142857143,9
PRV55662,1.0,28,27,8321.42857142857,9
PRV55663,1.0,7,7,5142.857142857143,2
PRV55664,1.0,20,17,10250.0,8
PRV55666,1.0,19,19,6578.9473684210525,6
PRV55667,1.0,38,33,10057.368421052632,17
PRV55670,1.0,9,8,10888.888888888889,4
PRV55673,1.0,9,9,10222.222222222223,5
PRV55676,1.0,115,103,8953.04347826087,60
PRV55678,1.0,9,9,14300.0,4
PRV55679,1.0,9,9,10222.222222222223,4
PRV55682,1.0,6,5,9500.0,3
PRV55687,1.0,5,4,6200.0,2
PRV55689,1.0,104,89,10421.153846153846,42
PRV55690,1.0,15,13,10266.666666666666,6
PRV55691,1.0,3,3,5666.666666666667,2
PRV55703,1.0,3,3,7000.0,2
PRV55704,1.0,4,4,5500.0,3
PRV55707,1.0,7,7,7285.714285714285,3
PRV55709,1.0,16,15,9581.25,6
PRV55710,1.0,6,6,6000.0,4
PRV55715,1.0,57,51,8543.859649122807,21
PRV55720,1.0,4,4,6262.5,2
PRV55732,1.0,12,12,12833.333333333334,4
PRV55737,1.0,19,19,9315.78947368421,8
PRV55739,1.0,19,19,11105.263157894737,7
PRV55742,1.0,6,6,9166.666666666666,3
PRV55743,1.0,5,5,9200.0,2
PRV55753,1.0,8,8,10750.0,5
PRV55755,1.0,11,10,11818.181818181818,6
PRV55765,1.0,2,2,7500.0,1
PRV55769,1.0,2,1,5500.0,1
PRV55774,1.0,4,3,12000.0,2
PRV55780,1.0,6,5,15833.333333333334,3
PRV55783,1.0,4,4,10250.0,2
PRV55790,1.0,5,5,9600.0,2
PRV55791,1.0,10,10,12900.0,4
PRV55793,1.0,6,6,12000.0,2
PRV55809,1.0,10,9,6200.0,6
PRV55812,1.0,17,16,9470.588235294117,8
PRV55813,1.0,7,7,5428.571428571428,3
PRV55815,1.0,4,4,3000.0,1
PRV55817,1.0,25,23,8880.0,13
PRV55821,1.0,13,13,12615.384615384615,3
PRV55830,1.0,8,6,12875.0,2
PRV55832,1.0,45,41,9311.111111111111,16
PRV55834,1.0,9,9,6777.777777777777,4
PRV55835,1.0,7,7,9571.42857142857,2
PRV55836,1.0,15,15,7266.666666666667,4
PRV55837,1.0,8,8,18000.0,3
PRV55846,1.0,46,45,10610.869565217392,19
PRV55849,1.0,128,119,9968.75,53
PRV55850,1.0,18,18,19333.333333333332,8
PRV55851,1.0,6,3,5333.333333333333,3
PRV55852,1.0,3,2,7333.333333333333,2
PRV55864,1.0,4,4,16250.0,2
PRV55869,1.0,8,8,5250.0,4
PRV55873,1.0,6,4,7166.666666666667,1
PRV55887,1.0,6,6,11000.0,4
PRV55891,1.0,26,23,11730.76923076923,4
PRV55893,1.0,26,26,8230.76923076923,7
PRV55896,1.0,21,18,8666.666666666666,10
PRV55897,1.0,9,8,15888.888888888889,1
PRV55900,1.0,8,8,14125.0,2
PRV55903,1.0,23,20,8130.434782608696,9
PRV55905,1.0,82,72,9554.878048780487,31
PRV55907,1.0,60,60,9125.0,23
PRV55908,1.0,22,20,13136.363636363636,10
PRV55911,1.0,46,37,8739.130434782608,19
PRV55912,1.0,60,53,12250.0,20
PRV55914,1.0,21,21,7523.809523809524,8
PRV55916,1.0,115,95,11378.260869565218,47
PRV55930,1.0,7,7,10571.42857142857,2
PRV55933,1.0,45,39,8124.444444444444,19
PRV55934,1.0,6,6,6333.333333333333,2
PRV55939,1.0,28,27,10496.42857142857,9
PRV55943,1.0,34,33,8376.470588235294,10
PRV55944,1.0,11,11,8727.272727272728,2
PRV55951,1.0,38,37,8657.894736842105,19
PRV55956,1.0,8,7,7875.0,4
PRV55957,1.0,22,22,9768.181818181818,7
PRV55970,1.0,16,16,13312.5,9
PRV55971,1.0,101,88,10510.89108910891,45
PRV55972,1.0,19,19,6705.263157894737,6
PRV55978,1.0,92,87,9683.695652173914,34
PRV55981,1.0,15,15,6800.0,5
PRV55983,1.0,8,8,14250.0,2
PRV55990,1.0,22,21,8631.818181818182,12
PRV55996,1.0,29,25,8155.172413793103,15
PRV56001,1.0,57,54,9210.526315789473,32
PRV56002,1.0,11,11,15727.272727272728,4
PRV56003,1.0,8,8,9625.0,2
PRV56007,1.0,69,55,12084.057971014492,27
PRV56012,1.0,29,26,11068.965517241379,15
PRV56014,1.0,19,19,7473.684210526316,5
PRV56017,1.0,11,10,19090.909090909092,5
PRV56018,1.0,25,24,8840.0,11
PRV56020,1.0,15,15,9066.666666666666,8
PRV56028,1.0,4,4,3000.0,3
PRV56031,1.0,9,9,6600.0,5
PRV56033,1.0,4,4,12500.0,1
PRV56044,1.0,16,12,17750.0,4
PRV56046,1.0,14,13,8642.857142857143,5
PRV56057,1.0,9,9,10777.777777777777,2
PRV56058,1.0,11,11,8181.818181818182,5
PRV56102,1.0,8,8,9875.0,2
PRV56103,1.0,68,55,9955.882352941177,24
PRV56105,1.0,29,26,9120.689655172413,10
PRV56106,1.0,2,2,5000.0,1
PRV56118,1.0,14,14,8285.714285714286,6
PRV56119,1.0,11,11,10909.09090909091,4
PRV56120,1.0,4,4,9000.0,1
PRV56121,1.0,16,16,14312.5,12
PRV56123,1.0,40,38,12450.0,19
PRV56124,1.0,6,6,14000.0,2
PRV56125,1.0,7,7,6428.571428571428,3
PRV56126,1.0,6,6,5166.666666666667,3
PRV56129,1.0,23,21,11130.434782608696,6
PRV56130,1.0,17,16,7058.823529411765,7
PRV56131,1.0,15,13,9400.0,8
PRV56133,1.0,15,14,9600.0,6
PRV56134,1.0,62,58,12387.09677419355,22
PRV56135,1.0,3,3,15666.666666666666,1
PRV56140,1.0,16,16,8000.0,4
PRV56142,1.0,5,5,22800.0,2
PRV56156,1.0,5,5,6400.0,4
PRV56161,1.0,13,12,7769.2307692307695,2
PRV56170,1.0,8,8,9000.0,5
PRV56173,1.0,6,5,16833.333333333332,4
PRV56210,1.0,31,27,7322.580645161291,11
PRV56218,1.0,6,6,5833.333333333333,2
PRV56220,1.0,3,3,5666.666666666667,2
PRV56221,1.0,18,17,7777.777777777777,6
PRV56225,1.0,50,48,12200.0,19
PRV56231,1.0,32,29,10943.75,12
PRV56235,1.0,14,14,9714.285714285714,7
PRV56238,1.0,4,3,16750.0,2
PRV56243,1.0,78,68,8924.358974358975,29
PRV56249,1.0,56,54,10303.57142857143,27
PRV56253,1.0,63,54,9119.047619047618,30
PRV56256,1.0,11,11,7636.363636363636,3
PRV56257,1.0,17,14,8705.882352941177,5
PRV56259,1.0,16,15,6750.0,6
PRV56260,1.0,55,49,10000.0,23
PRV56264,1.0,19,15,8684.21052631579,7
PRV56265,1.0,20,19,8950.0,12
PRV56268,1.0,61,57,10772.131147540984,27
PRV56269,1.0,8,8,10125.0,4
PRV56274,1.0,4,4,5500.0,2
PRV56285,1.0,13,12,10769.23076923077,7
PRV56289,1.0,5,5,5600.0,3
PRV56329,1.0,14,13,12642.857142857143,8
PRV56335,1.0,18,18,8666.666666666666,9
PRV56336,1.0,21,21,11285.714285714286,7
PRV56338,1.0,10,10,9740.0,4
PRV56340,1.0,3,3,19000.0,2
PRV56347,1.0,9,8,10555.555555555555,2
PRV56349,1.0,31,23,8935.483870967742,14
PRV56350,1.0,66,57,11818.181818181818,19
PRV56352,1.0,4,4,8750.0,3
PRV56355,1.0,4,4,10750.0,3
PRV56361,1.0,7,6,7571.428571428572,3
PRV56384,1.0,2,2,9000.0,2
PRV56392,1.0,6,2,6333.333333333333,3
PRV56395,1.0,7,7,15285.714285714286,3
PRV56396,1.0,32,24,8406.25,10
PRV56400,1.0,3,3,16333.333333333334,1
PRV56403,1.0,10,8,6700.0,8
PRV56411,1.0,4,4,24500.0,1
PRV56412,1.0,9,8,9666.666666666666,4
PRV56416,1.0,214,189,10920.794392523365,91
PRV56421,1.0,46,39,10586.95652173913,17
PRV56425,1.0,8,8,5500.0,3
PRV56428,1.0,8,8,12375.0,3
PRV56432,1.0,6,5,8000.0,2
PRV56435,1.0,4,4,7500.0,3
PRV56437,1.0,39,32,7338.461538461538,16
PRV56438,1.0,64,60,12484.375,26
PRV56442,1.0,81,74,10938.271604938273,37
PRV56445,1.0,32,30,6562.5,11
PRV56449,1.0,13,13,13307.692307692309,2
PRV56452,1.0,4,4,6750.0,2
PRV56456,1.0,14,10,7071.428571428572,7
PRV56458,1.0,7,6,5714.285714285715,3
PRV56461,1.0,10,10,10000.0,2
PRV56469,1.0,36,31,11138.888888888889,15
PRV56470,1.0,5,4,5600.0,3
PRV56473,1.0,7,7,9000.0,2
PRV56478,1.0,67,54,9156.716417910447,37
PRV56481,1.0,78,48,8448.71794871795,37
PRV56490,1.0,11,11,7090.909090909091,5
PRV56500,1.0,3,3,6333.333333333333,1
PRV56501,1.0,6,4,15666.666666666666,1
PRV56507,1.0,7,6,23285.714285714286,3
PRV56519,1.0,7,7,9857.142857142857,3
PRV56533,1.0,15,15,6200.0,8
PRV56540,1.0,1,1,0.0,1
PRV56541,1.0,54,53,10814.814814814816,18
PRV56543,1.0,4,4,5500.0,2
PRV56544,1.0,18,18,5500.0,7
PRV56546,1.0,9,9,8888.888888888889,3
PRV56547,1.0,7,7,8571.42857142857,1
PRV56548,1.0,8,7,15500.0,2
PRV56549,1.0,2,2,7000.0,1
PRV56550,1.0,55,43,9818.181818181818,28
PRV56555,1.0,59,57,8322.033898305084,31
PRV56556,1.0,74,65,8364.864864864865,40
PRV56560,1.0,248,214,10507.661290322581,106
PRV56563,1.0,8,7,11375.0,2
PRV56570,1.0,13,12,11384.615384615385,6
PRV56574,1.0,12,10,8666.666666666666,4
PRV56575,1.0,113,102,8477.87610619469,49
PRV56577,1.0,8,8,6375.0,4
PRV56583,1.0,13,13,8076.923076923077,5
PRV56584,1.0,4,4,5250.0,2
PRV56585,1.0,4,4,6250.0,3
PRV56587,1.0,18,18,13388.888888888889,7
PRV56588,1.0,100,96,9620.0,41
PRV56591,1.0,16,13,6125.0,4
PRV56592,1.0,63,51,11530.15873015873,19
PRV56605,1.0,4,3,6500.0,1
PRV56606,1.0,9,9,9000.0,4
PRV56607,1.0,4,4,6500.0,2
PRV56610,1.0,12,11,6166.666666666667,8
PRV56614,1.0,15,14,8333.333333333334,6
PRV56626,1.0,4,4,11050.0,3
PRV56628,1.0,9,9,9311.111111111111,5
PRV56630,1.0,63,51,9000.0,20
PRV56632,1.0,7,4,5571.428571428572,3
PRV56643,1.0,8,7,8375.0,3
PRV56647,1.0,121,102,10533.88429752066,48
PRV56649,1.0,7,7,17142.85714285714,3
PRV56662,1.0,3,2,4666.666666666667,1
PRV56663,1.0,13,13,7693.846153846154,7
PRV56668,1.0,52,45,11903.846153846154,23
PRV56669,1.0,29,24,9600.0,11
PRV56680,1.0,8,8,7625.0,3
PRV56684,1.0,16,16,9875.0,3
PRV56685,1.0,35,30,9368.57142857143,18
PRV56686,1.0,15,13,9466.666666666666,7
PRV56696,1.0,7,7,9285.714285714286,2
PRV56701,1.0,4,4,8000.0,4
PRV56703,1.0,21,21,8580.952380952382,7
PRV56706,1.0,31,26,8000.0,10
PRV56710,1.0,10,10,5000.0,4
PRV56711,1.0,8,7,11625.0,3
PRV56712,1.0,2,1,2500.0,1
PRV56713,1.0,55,43,8509.09090909091,19
PRV56715,1.0,3,3,5333.333333333333,2
PRV56719,1.0,10,10,10800.0,3
PRV56720,1.0,2,2,8000.0,1
PRV56726,1.0,3,3,22333.333333333332,1
PRV56730,1.0,23,21,12856.521739130434,8
PRV56732,1.0,13,11,13161.538461538461,5
PRV56733,1.0,12,12,6583.333333333333,7
PRV56734,1.0,10,10,10700.0,2
PRV56738,1.0,19,19,7526.315789473684,7
PRV56742,1.0,9,9,12888.888888888889,4
PRV56746,1.0,15,15,10666.666666666666,12
PRV56748,1.0,117,108,11273.504273504273,38
PRV56749,1.0,11,10,9818.181818181818,4
PRV56751,1.0,5,5,13200.0,4
PRV56753,1.0,9,8,10333.333333333334,5
PRV56754,1.0,9,6,6000.0,2
PRV56761,1.0,92,83,8967.391304347826,39
PRV56763,1.0,13,12,8846.153846153846,1
PRV56768,1.0,4,4,4250.0,1
PRV56772,1.0,5,5,7200.0,4
PRV56773,1.0,7,7,6857.142857142857,3
PRV56777,1.0,13,13,8384.615384615385,4
PRV56778,1.0,15,15,7600.0,8
PRV56789,1.0,7,7,6857.142857142857,3
PRV56800,1.0,7,6,13142.857142857143,1
PRV56802,1.0,13,11,14230.76923076923,6
PRV56808,1.0,47,47,9170.212765957447,22
PRV56809,1.0,4,4,7750.0,2
PRV56811,1.0,8,8,11375.0,3
PRV56819,1.0,24,22,9125.0,13
PRV56826,1.0,4,4,4500.0,4
PRV56870,1.0,13,13,9153.846153846154,9
PRV56877,1.0,15,11,10866.666666666666,7
PRV56885,1.0,9,5,7333.333333333333,3
PRV56889,1.0,5,5,22000.0,1
PRV56895,1.0,13,13,11153.846153846154,6
PRV56896,1.0,3,3,20000.0,2
PRV56897,1.0,8,8,7750.0,3
PRV56903,1.0,2,2,28500.0,2
PRV56906,1.0,6,6,8500.0,2
PRV56910,1.0,4,4,9300.0,1
PRV56912,1.0,7,7,12857.142857142857,2
PRV56914,1.0,6,6,11666.666666666666,3
PRV56915,1.0,4,4,7725.0,2
PRV56916,1.0,11,10,10336.363636363636,5
PRV56918,1.0,7,7,20285.714285714286,4
PRV57016,1.0,16,15,12350.0,6
PRV57017,1.0,23,21,11569.565217391304,10
PRV57018,1.0,24,22,13833.333333333334,9
PRV57021,1.0,14,12,9785.714285714286,3
PRV57023,1.0,15,15,11533.333333333334,5
PRV57024,1.0,9,9,14744.444444444445,6
PRV57025,1.0,17,17,8117.64705882353,6
PRV57030,1.0,16,15,11812.5,8
PRV57031,1.0,15,15,10733.333333333334,6
PRV57033,1.0,17,17,11882.35294117647,4
PRV57034,1.0,21,21,8761.904761904761,10
PRV57049,1.0,18,18,14777.777777777777,6
PRV57072,1.0,4,4,7500.0,2
PRV57073,1.0,10,9,10800.0,6
PRV57074,1.0,7,7,8428.57142857143,2
PRV57076,1.0,2,2,5000.0,1
PRV57077,1.0,3,2,9666.666666666666,3
PRV57078,1.0,10,9,7500.0,5
PRV57081,1.0,37,34,11189.18918918919,14
PRV57082,1.0,5,5,20000.0,2
PRV57084,1.0,7,7,8857.142857142857,4
PRV57085,1.0,5,5,8400.0,2
PRV57086,1.0,6,6,8833.333333333334,2
PRV57087,1.0,4,4,7750.0,2
PRV57088,1.0,6,6,8333.333333333334,2
PRV57091,1.0,4,3,11500.0,3
PRV57094,1.0,3,3,16000.0,2
PRV57096,1.0,11,11,14545.454545454546,5
PRV57098,1.0,49,47,10000.0,23
PRV57101,1.0,30,27,9886.666666666666,15
PRV57102,1.0,4,4,15500.0,1
PRV57103,1.0,29,25,10517.241379310344,13
PRV57104,1.0,10,10,13300.0,2
PRV57108,1.0,5,5,12000.0,1
PRV57109,1.0,6,6,11666.666666666666,2
PRV57112,1.0,30,30,8300.333333333334,14
PRV57117,1.0,67,59,7731.3432835820895,24
PRV57120,1.0,13,13,13692.307692307691,5
PRV57121,1.0,3,2,8333.333333333334,2
PRV57124,1.0,9,9,11111.111111111111,2
PRV57126,1.0,10,10,7700.0,4
PRV57127,1.0,8,8,9625.0,4
PRV57129,1.0,32,31,10568.75,8
PRV57141,1.0,15,12,11666.666666666666,8
PRV57144,1.0,8,8,8750.0,2
PRV57145,1.0,4,4,17500.0,2
PRV57146,1.0,9,9,11444.444444444445,5
PRV57148,1.0,15,9,11738.666666666666,7
PRV57157,1.0,16,13,9687.5,4
PRV57158,1.0,30,23,11233.333333333334,10
PRV57162,1.0,7,7,23285.714285714286,2
PRV57165,1.0,3,3,11333.333333333334,2
PRV57166,1.0,29,22,8206.896551724138,9
PRV57169,1.0,17,14,9294.117647058823,6
PRV57171,1.0,3,2,2333.3333333333335,3
PRV57172,1.0,88,79,10172.727272727272,33
PRV57173,1.0,96,90,10541.666666666666,38
PRV57174,1.0,12,10,6083.333333333333,9
PRV57177,1.0,73,64,9986.301369863013,31
PRV57179,1.0,26,25,11153.846153846154,13
PRV57182,1.0,5,5,11400.0,1
PRV57185,1.0,7,7,16571.428571428572,1
PRV57188,1.0,5,5,8200.0,2
PRV57191,1.0,185,159,11135.135135135135,68
PRV57196,1.0,10,8,8700.0,4
PRV57197,1.0,8,8,12250.0,3
PRV57198,1.0,3,3,5333.333333333333,2
PRV57204,1.0,21,16,8809.52380952381,6
PRV57205,1.0,12,12,9958.333333333334,3
PRV57208,1.0,10,10,19600.0,5
PRV57209,1.0,15,14,9866.666666666666,6
PRV57210,1.0,10,5,13200.0,6
PRV57211,1.0,8,8,6250.0,2
PRV57215,1.0,8,6,5875.0,2
PRV57216,1.0,10,10,8900.0,6
PRV57217,1.0,9,9,11888.888888888889,5
PRV57223,1.0,34,31,8097.058823529412,14
PRV57225,1.0,47,44,8880.851063829787,17
PRV57227,1.0,21,19,8857.142857142857,15
PRV57228,1.0,34,31,7382.35294117647,17
PRV57230,1.0,27,24,9292.592592592593,11
PRV57231,1.0,18,14,9572.222222222223,5
PRV57234,1.0,9,9,9333.333333333334,4
PRV57235,1.0,3,3,8666.666666666666,1
PRV57251,1.0,15,14,10400.0,7
PRV57252,1.0,3,3,6000.0,2
PRV57284,1.0,19,19,8421.052631578947,8
PRV57285,1.0,8,8,10375.0,1
PRV57293,1.0,12,10,8333.333333333334,8
PRV57294,1.0,2,2,6000.0,1
PRV57295,1.0,14,13,12357.142857142857,6
PRV57297,1.0,8,8,6625.0,2
PRV57299,1.0,6,6,6666.666666666667,3
PRV57303,1.0,11,11,8636.363636363636,4
PRV57304,1.0,3,3,14000.0,1
PRV57307,1.0,12,11,11308.333333333334,6
PRV57309,1.0,12,12,8000.0,7
PRV57310,1.0,65,56,10230.76923076923,17
PRV57316,1.0,39,34,9666.666666666666,13
PRV57317,1.0,84,80,9892.857142857143,31
PRV57319,1.0,16,15,6687.5,8
PRV57321,1.0,15,13,10800.0,8
PRV57324,1.0,22,21,8545.454545454546,7
PRV57326,1.0,5,5,7400.0,2
PRV57330,1.0,12,10,5000.0,6
PRV57334,1.0,39,33,11358.97435897436,16
PRV57340,1.0,17,17,11647.058823529413,10
PRV57341,1.0,77,70,10077.922077922078,27
PRV57344,1.0,25,24,9320.0,4
PRV57345,1.0,43,43,10279.06976744186,19
PRV57347,1.0,17,17,6882.35294117647,7
PRV57350,1.0,9,7,7222.222222222223,7
PRV57357,1.0,15,12,7533.333333333333,6
PRV57364,1.0,3,2,14000.0,3
PRV57369,1.0,11,10,10636.363636363636,5
PRV57372,1.0,15,12,7933.333333333333,7
PRV57375,1.0,6,5,7666.666666666667,2
PRV57379,1.0,3,3,14666.666666666666,2
PRV57382,1.0,5,5,17000.0,3
PRV57397,1.0,7,7,9285.714285714286,3
PRV57398,1.0,3,3,16866.666666666668,1
PRV57400,1.0,8,6,8375.0,3
PRV57401,1.0,8,8,8125.0,4
PRV57403,1.0,15,13,11466.666666666666,4
PRV57404,1.0,9,8,6888.888888888889,3
PRV57406,1.0,46,40,10630.434782608696,23
PRV57409,1.0,24,22,8583.333333333334,8
PRV57412,1.0,9,7,6555.555555555556,2
PRV57414,1.0,18,16,11833.333333333334,9
PRV57425,1.0,32,27,9756.25,13
PRV57427,1.0,14,12,7857.142857142857,8
PRV57433,1.0,16,16,7875.0,7
PRV57437,1.0,6,6,9000.0,1
PRV57438,1.0,4,3,5500.0,2
PRV57481,1.0,62,52,12516.129032258064,26
PRV57487,1.0,15,14,9333.333333333334,9
PRV57489,1.0,17,17,10705.882352941177,6
PRV57490,1.0,21,19,9580.952380952382,4
PRV57492,1.0,36,33,9222.222222222223,13
PRV57495,1.0,37,34,10459.45945945946,11
PRV57502,1.0,114,99,10080.701754385966,52
PRV57510,1.0,43,40,9814.418604651162,15
PRV57515,1.0,19,19,7684.210526315789,11
PRV57519,1.0,12,11,9416.666666666666,5
PRV57521,1.0,12,11,7750.0,5
PRV57523,1.0,15,14,8666.666666666666,4
PRV57525,1.0,21,20,9380.952380952382,7
PRV57527,1.0,51,43,12313.725490196079,17
PRV57528,1.0,13,12,5815.384615384615,5
PRV57530,1.0,52,51,7501.923076923077,22
PRV57533,1.0,22,17,12681.818181818182,9
PRV57543,1.0,46,43,9413.04347826087,20
PRV57547,1.0,18,16,11944.444444444445,7
PRV57548,1.0,107,87,9705.607476635514,42
PRV57555,1.0,27,26,12103.703703703704,10
PRV57558,1.0,8,6,8875.0,4
PRV57567,1.0,7,6,16000.0,1
PRV57568,1.0,18,18,6216.666666666667,7
PRV57569,1.0,5,4,6200.0,3
PRV57600,1.0,9,6,6333.333333333333,3
PRV57612,1.0,3,3,10333.333333333334,3
PRV57629,1.0,10,9,12230.0,4
PRV57630,1.0,8,8,6500.0,1
PRV57631,1.0,18,17,12611.111111111111,6
PRV57634,1.0,8,8,7250.0,2
PRV57635,1.0,18,16,15277.777777777777,11
PRV57636,1.0,5,5,5600.0,2
PRV57638,1.0,9,8,8044.444444444444,5
PRV57640,1.0,5,5,9200.0,1
PRV57641,1.0,3,3,5333.333333333333,1
PRV57642,1.0,23,17,12521.739130434782,10
PRV57643,1.0,7,6,8000.0,2
PRV57667,1.0,3,2,6666.666666666667,1
PRV57697,1.0,48,43,10479.166666666666,20
PRV57702,1.0,7,5,11142.857142857143,1
PRV57704,1.0,3,3,8333.333333333334,1
PRV57709,1.0,30,27,13266.666666666666,15
PRV57711,1.0,19,19,8157.894736842105,5
PRV57712,1.0,2,2,5500.0,1
PRV57715,1.0,42,39,11245.238095238095,13
PRV57717,1.0,15,13,11780.0,5
PRV57729,1.0,11,10,9727.272727272728,7
PRV57732,1.0,11,11,6909.090909090909,4
PRV57757,1.0,11,11,9909.09090909091,3
PRV51048,0.0,4,4,4750.0,2
PRV51052,0.0,2,2,7000.0,2
PRV51053,0.0,1,1,8000.0,1
PRV51058,0.0,5,5,18200.0,1
PRV51060,0.0,5,5,7000.0,4
PRV51062,0.0,3,3,15000.0,2
PRV51070,0.0,10,10,10100.0,4
PRV51123,0.0,2,2,4500.0,2
PRV51125,0.0,12,12,9166.666666666666,5
PRV51138,0.0,1,1,6000.0,1
PRV51144,0.0,4,4,13250.0,3
PRV51153,0.0,4,4,12750.0,1
PRV51166,0.0,1,1,22000.0,1
PRV51255,0.0,2,2,5500.0,1
PRV51260,0.0,3,3,26000.0,1
PRV51271,0.0,2,2,8500.0,2
PRV51272,0.0,2,2,11000.0,1
PRV51304,0.0,2,2,14000.0,1
PRV51338,0.0,7,7,10428.57142857143,3
PRV51349,0.0,5,5,7400.0,3
PRV51354,0.0,1,1,10000.0,1
PRV51358,0.0,7,7,8571.42857142857,3
PRV51362,0.0,6,6,23500.0,1
PRV51379,0.0,2,2,6500.0,1
PRV51380,0.0,4,4,12750.0,2
PRV51396,0.0,3,3,3666.6666666666665,1
PRV51398,0.0,1,1,4000.0,1
PRV51405,0.0,2,2,4500.0,1
PRV51414,0.0,3,3,9333.333333333334,1
PRV51415,0.0,7,7,6857.142857142857,2
PRV51424,0.0,1,1,6000.0,1
PRV51428,0.0,4,4,7750.0,2
PRV51440,0.0,7,7,11428.57142857143,5
PRV51444,0.0,4,4,16000.0,3
PRV51449,0.0,9,9,7666.666666666667,3
PRV51455,0.0,9,9,11866.666666666666,4
PRV51470,0.0,3,3,8000.0,1
PRV51483,0.0,6,6,7000.0,1
PRV51488,0.0,3,3,5000.0,2
PRV51499,0.0,2,2,7500.0,1
PRV51508,0.0,12,11,14925.0,4
PRV51516,0.0,3,3,8333.333333333334,2
PRV51526,0.0,7,7,5057.142857142857,3
PRV51535,0.0,2,2,14000.0,1
PRV51536,0.0,4,4,9250.0,1
PRV51540,0.0,7,7,8142.857142857143,2
PRV51557,0.0,1,1,11000.0,1
PRV51572,0.0,1,1,5000.0,1
PRV51573,0.0,5,5,8200.0,3
PRV51583,0.0,2,2,7500.0,1
PRV51595,0.0,1,1,5000.0,1
PRV51610,0.0,3,3,14333.333333333334,1
PRV51626,0.0,1,1,35000.0,1
PRV51628,0.0,2,2,6500.0,1
PRV51632,0.0,4,4,4750.0,3
PRV51634,0.0,5,5,4200.0,1
PRV51636,0.0,3,3,24333.333333333332,1
PRV51644,0.0,1,1,7000.0,1
PRV51679,0.0,2,2,15000.0,2
PRV51803,0.0,2,2,16500.0,1
PRV51806,0.0,1,1,13000.0,1
PRV51849,0.0,3,3,6000.0,1
PRV51860,0.0,4,4,4600.0,2
PRV51869,0.0,2,2,10500.0,1
PRV51898,0.0,1,1,6000.0,1
PRV51935,0.0,3,3,7333.333333333333,2
PRV51944,0.0,5,5,9800.0,2
PRV51947,0.0,1,1,22000.0,1
PRV51956,0.0,2,2,9000.0,1
PRV51958,0.0,1,1,3000.0,1
PRV52031,0.0,1,1,11000.0,1
PRV52042,0.0,1,1,9000.0,1
PRV52052,0.0,5,5,7200.0,1
PRV52081,0.0,3,3,6000.0,2
PRV52087,0.0,2,2,1500.0,1
PRV52088,0.0,1,1,18000.0,1
PRV52095,0.0,1,1,5000.0,1
PRV52097,0.0,1,1,4000.0,1
PRV52099,0.0,2,2,7000.0,1
PRV52121,0.0,4,4,9000.0,2
PRV52130,0.0,10,9,11600.0,6
PRV52160,0.0,3,3,10000.0,2
PRV52162,0.0,1,1,14000.0,1
PRV52166,0.0,7,7,6285.714285714285,5
PRV52170,0.0,3,3,17666.666666666668,1
PRV52180,0.0,5,5,12880.0,1
PRV52362,0.0,9,8,10033.333333333334,3
PRV52373,0.0,3,3,12666.666666666666,1
PRV52394,0.0,3,3,5333.333333333333,1
PRV52458,0.0,1,1,27000.0,1
PRV52468,0.0,3,3,9666.666666666666,2
PRV52478,0.0,5,5,4200.0,3
PRV52499,0.0,8,8,14375.0,4
PRV52500,0.0,7,7,7857.142857142857,3
PRV52518,0.0,1,1,57000.0,1
PRV52537,0.0,1,1,57000.0,1
PRV52541,0.0,5,5,8200.0,2
PRV52548,0.0,5,5,7400.0,2
PRV52549,0.0,6,5,6500.0,3
PRV52553,0.0,4,4,15000.0,1
PRV52564,0.0,5,5,7000.0,3
PRV52566,0.0,22,22,9972.727272727272,9
PRV52576,0.0,3,3,14000.0,3
PRV52610,0.0,1,1,3000.0,1
PRV52615,0.0,2,2,9000.0,2
PRV52644,0.0,9,9,7111.111111111111,3
PRV52647,0.0,7,7,7142.857142857143,2
PRV52653,0.0,4,3,17000.0,2
PRV52662,0.0,2,2,5500.0,1
PRV52699,0.0,1,1,9000.0,1
PRV52803,0.0,2,2,4500.0,1
PRV52835,0.0,11,11,11636.363636363636,4
PRV52836,0.0,5,5,10200.0,2
PRV52841,0.0,1,1,13000.0,1
PRV52844,0.0,2,2,6500.0,1
PRV52845,0.0,8,8,27250.0,2
PRV52849,0.0,2,2,21500.0,1
PRV52869,0.0,7,7,11714.285714285714,4
PRV52904,0.0,1,1,10000.0,1
PRV52921,0.0,3,3,4333.333333333333,1
PRV53095,0.0,2,2,18000.0,1
PRV53100,0.0,5,5,10000.0,3
PRV53109,0.0,3,2,5266.666666666667,2
PRV53129,0.0,3,3,25000.0,1
PRV53136,0.0,7,7,20857.14285714286,3
PRV53159,0.0,2,2,16000.0,1
PRV53240,0.0,1,1,3000.0,1
PRV53246,0.0,2,2,13000.0,1
PRV53260,0.0,2,2,3500.0,1
PRV53279,0.0,1,1,4000.0,1
PRV53304,0.0,2,2,29500.0,1
PRV53312,0.0,1,1,5000.0,1
PRV53387,0.0,3,3,7733.333333333333,1
PRV53393,0.0,2,2,4500.0,1
PRV53397,0.0,3,3,38666.666666666664,2
PRV53399,0.0,7,7,9571.42857142857,4
PRV53408,0.0,10,10,7400.0,7
PRV53413,0.0,2,2,14500.0,1
PRV53416,0.0,1,1,14000.0,1
PRV53419,0.0,5,5,8600.0,2
PRV53432,0.0,13,13,13076.923076923076,6
PRV53440,0.0,1,1,4000.0,1
PRV53449,0.0,1,1,9000.0,1
PRV53453,0.0,4,4,9500.0,2
PRV53456,0.0,5,5,12400.0,1
PRV53465,0.0,3,3,9333.333333333334,2
PRV53509,0.0,1,1,15000.0,1
PRV53510,0.0,2,2,5500.0,1
PRV53513,0.0,2,2,9000.0,1
PRV53626,0.0,1,1,3000.0,1
PRV53683,0.0,2,2,17500.0,1
PRV53699,0.0,2,2,9000.0,1
PRV53705,0.0,4,4,8150.0,1
PRV53750,0.0,1,1,7000.0,1
PRV53764,0.0,1,1,2000.0,1
PRV53768,0.0,5,5,4200.0,3
PRV53775,0.0,2,2,6000.0,1
PRV53799,0.0,14,13,7142.857142857143,7
PRV53861,0.0,2,2,5500.0,1
PRV53868,0.0,10,9,15800.0,4
PRV53878,0.0,5,5,7000.0,3
PRV53885,0.0,6,6,8150.0,1
PRV53928,0.0,3,3,4666.666666666667,1
PRV53931,0.0,3,3,10000.0,1
PRV53963,0.0,4,4,14250.0,3
PRV53989,0.0,1,1,13000.0,1
PRV54054,0.0,1,1,5000.0,1
PRV54062,0.0,2,2,7500.0,1
PRV54071,0.0,8,8,9750.0,3
PRV54084,0.0,8,8,9125.0,4
PRV54089,0.0,7,7,10857.142857142857,2
PRV54164,0.0,1,1,4000.0,1
PRV54216,0.0,10,10,15000.0,4
PRV54233,0.0,1,1,6000.0,1
PRV54256,0.0,5,5,7800.0,3
PRV54298,0.0,3,3,12666.666666666666,1
PRV54340,0.0,3,3,9333.333333333334,1
PRV54355,0.0,2,2,5000.0,1
PRV54368,0.0,4,4,2750.0,3
PRV54393,0.0,5,5,5400.0,2
PRV54396,0.0,1,1,10000.0,1
PRV54408,0.0,2,2,5000.0,1
PRV54411,0.0,1,1,2000.0,1
PRV54434,0.0,2,2,8500.0,1
PRV54460,0.0,5,5,9400.0,2
PRV54503,0.0,1,1,8000.0,1
PRV54506,0.0,3,3,7666.666666666667,1
PRV54558,0.0,15,14,12000.0,6
PRV54661,0.0,3,3,28000.0,2
PRV54666,0.0,1,1,10000.0,1
PRV54673,0.0,1,1,6000.0,1
PRV54682,0.0,6,6,5500.0,1
PRV54726,0.0,2,2,13500.0,1
PRV54743,0.0,7,7,9857.142857142857,2
PRV54756,0.0,3,3,3666.6666666666665,1
PRV54759,0.0,5,5,6800.0,2
PRV54776,0.0,5,5,6000.0,2
PRV54789,0.0,3,3,10000.0,3
PRV54828,0.0,3,3,29333.333333333332,1
PRV54878,0.0,1,1,5000.0,1
PRV54883,0.0,1,1,13000.0,1
PRV54889,0.0,7,7,12571.42857142857,3
PRV54895,0.0,3,3,17666.666666666668,1
PRV54901,0.0,8,8,12000.0,2
PRV54905,0.0,4,4,10000.0,2
PRV54906,0.0,8,8,15000.0,3
PRV54919,0.0,4,4,7000.0,1
PRV54937,0.0,3,3,8333.333333333334,2
PRV54950,0.0,5,5,14200.0,1
PRV54959,0.0,7,6,8142.857142857143,3
PRV54963,0.0,1,1,13000.0,1
PRV54977,0.0,5,5,15600.0,3
PRV55003,0.0,5,5,11160.0,1
PRV55067,0.0,1,1,29000.0,1
PRV55118,0.0,2,2,5000.0,1
PRV55122,0.0,1,1,5000.0,1
PRV55129,0.0,1,1,10000.0,1
PRV55133,0.0,2,2,25000.0,1
PRV55135,0.0,3,3,8333.333333333334,2
PRV55137,0.0,2,2,19000.0,1
PRV55143,0.0,1,1,10000.0,1
PRV55146,0.0,1,1,6000.0,1
PRV55148,0.0,1,1,7000.0,1
PRV55156,0.0,1,1,6000.0,1
PRV55161,0.0,2,2,14000.0,1
PRV55176,0.0,1,1,6000.0,1
PRV55178,0.0,2,2,5000.0,1
PRV55184,0.0,1,1,0.0,1
PRV55185,0.0,5,5,9200.0,2
PRV55196,0.0,6,6,18500.0,4
PRV55198,0.0,2,2,4000.0,1
PRV55213,0.0,3,3,22333.333333333332,2
PRV55216,0.0,5,5,7400.0,1
PRV55258,0.0,1,1,12000.0,1
PRV55428,0.0,1,1,7000.0,1
PRV55434,0.0,8,8,7500.0,4
PRV55454,0.0,5,4,6600.0,4
PRV55481,0.0,1,1,5000.0,1
PRV55501,0.0,1,1,10000.0,1
PRV55557,0.0,4,4,10250.0,2
PRV55576,0.0,3,3,3666.6666666666665,1
PRV55603,0.0,2,2,7500.0,1
PRV55675,0.0,2,2,40500.0,1
PRV55680,0.0,5,5,5000.0,2
PRV55688,0.0,1,1,14000.0,1
PRV55692,0.0,3,3,7333.333333333333,2
PRV55700,0.0,3,3,23333.333333333332,2
PRV55706,0.0,1,1,12000.0,1
PRV55714,0.0,3,3,7333.333333333333,2
PRV55736,0.0,4,4,7500.0,2
PRV55764,0.0,1,1,4000.0,1
PRV55818,0.0,2,2,2500.0,1
PRV55826,0.0,4,4,24000.0,2
PRV55828,0.0,7,7,3285.714285714286,4
PRV55833,0.0,4,4,12000.0,2
PRV55848,0.0,3,3,9666.666666666666,1
PRV55918,0.0,2,2,8500.0,1
PRV55925,0.0,4,4,11000.0,1
PRV55937,0.0,7,6,6142.857142857143,5
PRV55948,0.0,4,4,18250.0,1
PRV56005,0.0,2,2,6000.0,2
PRV56015,0.0,6,6,8666.666666666666,4
PRV56023,0.0,7,7,10714.285714285714,2
PRV56038,0.0,1,1,1000.0,1
PRV56136,0.0,1,1,6000.0,1
PRV56147,0.0,2,2,9000.0,1
PRV56166,0.0,2,2,4000.0,2
PRV56207,0.0,3,3,23000.0,1
PRV56219,0.0,4,4,11500.0,2
PRV56224,0.0,4,4,7750.0,2
PRV56236,0.0,7,6,6428.571428571428,1
PRV56263,0.0,2,2,10000.0,2
PRV56286,0.0,1,1,23000.0,1
PRV56390,0.0,2,2,20000.0,1
PRV56398,0.0,1,1,4000.0,1
PRV56407,0.0,5,5,6600.0,3
PRV56423,0.0,2,2,7000.0,2
PRV56474,0.0,1,1,7000.0,1
PRV56476,0.0,1,1,6000.0,1
PRV56483,0.0,2,2,6000.0,1
PRV56578,0.0,7,7,16428.571428571428,2
PRV56589,0.0,4,4,7750.0,2
PRV56601,0.0,1,1,3000.0,1
PRV56624,0.0,7,7,26142.85714285714,4
PRV56658,0.0,1,1,20000.0,1
PRV56705,0.0,4,4,14000.0,2
PRV56722,0.0,2,2,8500.0,1
PRV56724,0.0,6,6,13500.0,2
PRV56731,0.0,4,4,26000.0,1
PRV56755,0.0,3,3,17000.0,1
PRV56759,0.0,2,2,13500.0,1
PRV56764,0.0,5,5,10000.0,3
PRV56767,0.0,6,6,8333.333333333334,3
PRV56769,0.0,4,4,8000.0,2
PRV56774,0.0,1,1,4000.0,1
PRV56775,0.0,3,3,9333.333333333334,1
PRV56796,0.0,3,3,16333.333333333334,2
PRV56803,0.0,8,8,12500.0,4
PRV56873,0.0,1,1,6000.0,1
PRV56909,0.0,3,2,5666.666666666667,1
PRV56917,0.0,2,2,6500.0,1
PRV57069,0.0,2,2,2000.0,1
PRV57075,0.0,2,2,8000.0,1
PRV57089,0.0,3,3,7000.0,1
PRV57092,0.0,2,2,3500.0,1
PRV57093,0.0,1,1,5000.0,1
PRV57097,0.0,3,3,7000.0,3
PRV57110,0.0,1,1,15000.0,1
PRV57122,0.0,1,1,8000.0,1
PRV57176,0.0,4,4,7300.0,1
PRV57184,0.0,2,2,16000.0,2
PRV57189,0.0,4,3,14250.0,3
PRV57194,0.0,2,2,11000.0,2
PRV57206,0.0,7,7,13328.57142857143,3
PRV57290,0.0,2,2,27500.0,1
PRV57298,0.0,3,3,4666.666666666667,2
PRV57301,0.0,4,4,7000.0,1
PRV57302,0.0,2,2,7000.0,1
PRV57320,0.0,10,10,9300.0,5
PRV57322,0.0,7,6,7571.428571428572,2
PRV57331,0.0,16,16,10937.5,3
PRV57445,0.0,2,2,4000.0,1
PRV57518,0.0,2,2,17500.0,1
PRV57526,0.0,2,2,26500.0,2
PRV57590,0.0,3,3,4666.666666666667,1
PRV57593,0.0,6,6,12833.333333333334,1
PRV57632,0.0,1,1,6000.0,1
PRV57719,0.0,4,4,19000.0,1
