,Provider,ClmPerDt
0,PRV51003,1.19
1,PRV51005,3.27
2,PRV51021,1.46
3,PRV51037,1.66
4,PRV51052,1.1
5,PRV51059,1.16
6,PRV51064,1.55
7,PRV51067,1.12
8,PRV51077,1.03
9,PRV51084,1.12
10,PRV51103,1.0
11,PRV51119,1.12
12,PRV51126,1.05
13,PRV51145,1.27
14,PRV51146,1.52
15,PRV51148,1.49
16,PRV51149,1.17
17,PRV51159,1.95
18,PRV51170,1.07
19,PRV51173,1.0
20,PRV51178,1.07
21,PRV51242,1.22
22,PRV51244,3.91
23,PRV51249,1.2
24,PRV51263,1.1
25,PRV51337,1.27
26,PRV51338,1.21
27,PRV51347,5.59
28,PRV51357,1.24
29,PRV51369,5.68
30,PRV51378,1.3
31,PRV51390,1.44
32,PRV51393,2.7
33,PRV51399,1.27
34,PRV51401,1.02
35,PRV51410,2.07
36,PRV51421,1.14
37,PRV51426,1.34
38,PRV51433,4.36
39,PRV51434,1.1
40,PRV51447,1.13
41,PRV51459,21.63
42,PRV51471,1.3
43,PRV51480,5.21
44,PRV51482,1.18
45,PRV51490,1.14
46,PRV51495,1.18
47,PRV51501,1.38
48,PRV51507,2.93
49,PRV51539,1.87
50,PRV51542,1.13
51,PRV51560,1.37
52,PRV51567,4.52
53,PRV51574,11.76
54,PRV51578,4.11
55,PRV51584,1.12
56,PRV51586,1.0
57,PRV51590,1.11
58,PRV51593,1.04
59,PRV51604,1.5
60,PRV51614,1.43
61,PRV51805,1.0
62,PRV51818,1.0
63,PRV51826,1.05
64,PRV51836,4.9
65,PRV51840,1.24
66,PRV51842,1.37
67,PRV51851,1.7
68,PRV51857,1.14
69,PRV51868,1.25
70,PRV51873,1.22
71,PRV51876,1.05
72,PRV51920,1.06
73,PRV51940,1.34
74,PRV51948,1.87
75,PRV51951,1.19
76,PRV51979,1.0
77,PRV52002,1.29
78,PRV52019,5.2
79,PRV52020,1.98
80,PRV52021,1.98
81,PRV52030,6.22
82,PRV52032,2.03
83,PRV52041,5.14
84,PRV52045,1.36
85,PRV52059,3.55
86,PRV52064,7.65
87,PRV52065,1.49
88,PRV52066,4.0
89,PRV52077,3.24
90,PRV52089,1.24
91,PRV52100,1.35
92,PRV52114,3.55
93,PRV52115,1.08
94,PRV52119,1.13
95,PRV52120,3.44
96,PRV52123,1.38
97,PRV52124,1.11
98,PRV52135,1.41
99,PRV52147,1.27
100,PRV52151,1.25
101,PRV52165,1.18
102,PRV52173,1.16
103,PRV52178,1.11
104,PRV52181,1.0
105,PRV52195,1.0
106,PRV52280,1.02
107,PRV52283,1.12
108,PRV52292,1.14
109,PRV52307,1.26
110,PRV52308,1.13
111,PRV52320,1.57
112,PRV52321,1.29
113,PRV52325,1.14
114,PRV52337,2.39
115,PRV52340,4.72
116,PRV52343,1.38
117,PRV52347,1.63
118,PRV52383,1.16
119,PRV52396,1.08
120,PRV52420,1.16
121,PRV52445,1.0
122,PRV52467,1.12
123,PRV52497,1.0
124,PRV52502,1.18
125,PRV52504,1.08
126,PRV52511,1.4
127,PRV52574,1.35
128,PRV52578,1.02
129,PRV52589,1.75
130,PRV52590,1.29
131,PRV52593,1.91
132,PRV52609,1.17
133,PRV52628,5.67
134,PRV52630,1.68
135,PRV52642,1.66
136,PRV52648,2.51
137,PRV52649,5.87
138,PRV52652,2.37
139,PRV52690,1.21
140,PRV52815,1.04
141,PRV52821,2.34
142,PRV52826,1.52
143,PRV52828,1.05
144,PRV52843,1.37
145,PRV52846,1.35
146,PRV52847,1.18
147,PRV52860,1.64
148,PRV52868,1.15
149,PRV52870,2.0
150,PRV52884,2.16
151,PRV52887,1.83
152,PRV52903,1.27
153,PRV52933,1.0
154,PRV52982,2.16
155,PRV52985,3.87
156,PRV52989,1.25
157,PRV52990,1.14
158,PRV53005,1.14
159,PRV53007,1.13
160,PRV53008,1.06
161,PRV53021,1.04
162,PRV53106,1.02
163,PRV53114,1.07
164,PRV53119,1.0
165,PRV53121,2.0
166,PRV53136,1.08
167,PRV53142,1.14
168,PRV53208,1.05
169,PRV53242,1.39
170,PRV53245,1.19
171,PRV53265,1.14
172,PRV53266,1.4
173,PRV53269,1.7
174,PRV53277,1.13
175,PRV53295,1.25
176,PRV53297,1.04
177,PRV53379,1.0
178,PRV53384,1.05
179,PRV53385,2.95
180,PRV53397,1.0
181,PRV53399,1.03
182,PRV53401,1.44
183,PRV53417,1.29
184,PRV53421,1.19
185,PRV53461,1.09
186,PRV53623,2.66
187,PRV53668,1.0
188,PRV53670,3.33
189,PRV53671,1.02
190,PRV53677,2.01
191,PRV53692,1.38
192,PRV53706,1.76
193,PRV53712,1.35
194,PRV53749,1.08
195,PRV53762,2.1
196,PRV53763,1.14
197,PRV53769,1.53
198,PRV53776,1.3
199,PRV53781,1.59
200,PRV53786,3.81
201,PRV53787,1.1
202,PRV53790,1.88
203,PRV53792,1.06
204,PRV53797,12.64
205,PRV53808,1.79
206,PRV53855,1.0
207,PRV53884,1.42
208,PRV53887,1.99
209,PRV53894,1.29
210,PRV53895,3.53
211,PRV53900,2.37
212,PRV53911,1.91
213,PRV53918,9.59
214,PRV53919,1.04
215,PRV53923,1.19
216,PRV53937,1.09
217,PRV53938,1.13
218,PRV53951,1.12
219,PRV53959,1.28
220,PRV53961,1.11
221,PRV53985,1.31
222,PRV54056,1.0
223,PRV54065,1.21
224,PRV54070,3.98
225,PRV54074,1.19
226,PRV54075,4.24
227,PRV54077,1.12
228,PRV54093,1.16
229,PRV54098,1.42
230,PRV54103,1.28
231,PRV54111,1.41
232,PRV54144,1.46
233,PRV54149,1.0
234,PRV54209,1.24
235,PRV54225,1.13
236,PRV54230,1.24
237,PRV54258,1.38
238,PRV54297,1.0
239,PRV54323,1.04
240,PRV54327,1.13
241,PRV54333,1.56
242,PRV54336,1.37
243,PRV54350,4.1
244,PRV54354,1.15
245,PRV54359,1.83
246,PRV54361,1.03
247,PRV54367,2.06
248,PRV54372,4.41
249,PRV54382,1.42
250,PRV54388,1.12
251,PRV54391,1.53
252,PRV54399,1.56
253,PRV54504,1.22
254,PRV54505,1.09
255,PRV54514,1.59
256,PRV54540,1.11
257,PRV54543,1.06
258,PRV54557,1.9
259,PRV54560,1.13
260,PRV54566,1.47
261,PRV54644,1.1
262,PRV54649,1.19
263,PRV54651,1.1
264,PRV54675,1.06
265,PRV54676,1.05
266,PRV54680,1.0
267,PRV54688,2.99
268,PRV54692,1.09
269,PRV54718,1.07
270,PRV54739,1.24
271,PRV54742,5.07
272,PRV54743,1.19
273,PRV54765,1.37
274,PRV54771,1.06
275,PRV54772,5.7
276,PRV54778,4.61
277,PRV54781,1.33
278,PRV54786,3.64
279,PRV54808,1.1
280,PRV54822,1.0
281,PRV54828,1.07
282,PRV54832,1.07
283,PRV54837,4.99
284,PRV54845,1.05
285,PRV54875,1.0
286,PRV54876,1.0
287,PRV54879,1.34
288,PRV54882,1.38
289,PRV54894,1.36
290,PRV54895,9.24
291,PRV54896,1.23
292,PRV54918,1.23
293,PRV54925,1.26
294,PRV54929,1.04
295,PRV54931,1.13
296,PRV54933,1.05
297,PRV54936,1.3
298,PRV54939,3.82
299,PRV54942,1.25
300,PRV54950,1.0
301,PRV54952,1.22
302,PRV54955,1.55
303,PRV54966,4.88
304,PRV54986,2.08
305,PRV54998,1.34
306,PRV55004,6.45
307,PRV55010,1.47
308,PRV55018,1.09
309,PRV55019,1.43
310,PRV55022,1.2
311,PRV55027,1.24
312,PRV55030,1.4
313,PRV55034,2.1
314,PRV55039,5.55
315,PRV55048,1.16
316,PRV55049,1.22
317,PRV55057,1.47
318,PRV55147,1.0
319,PRV55163,1.94
320,PRV55165,1.42
321,PRV55171,1.34
322,PRV55172,1.16
323,PRV55193,1.05
324,PRV55194,1.62
325,PRV55195,1.12
326,PRV55209,2.4
327,PRV55215,8.98
328,PRV55225,1.12
329,PRV55230,1.98
330,PRV55250,1.5
331,PRV55266,1.04
332,PRV55374,1.03
333,PRV55375,1.0
334,PRV55430,1.0
335,PRV55433,1.1
336,PRV55435,1.24
337,PRV55437,1.18
338,PRV55444,1.14
339,PRV55453,2.4
340,PRV55462,5.1
341,PRV55467,5.21
342,PRV55472,1.0
343,PRV55482,1.14
344,PRV55483,1.09
345,PRV55492,1.05
346,PRV55495,1.09
347,PRV55496,1.1
348,PRV55506,1.08
349,PRV55509,1.03
350,PRV55514,1.45
351,PRV55519,1.05
352,PRV55531,1.13
353,PRV55550,1.05
354,PRV55659,1.05
355,PRV55667,1.09
356,PRV55670,1.0
357,PRV55673,1.13
358,PRV55676,1.2
359,PRV55689,2.0
360,PRV55715,2.56
361,PRV55812,1.0
362,PRV55821,1.34
363,PRV55835,1.4
364,PRV55842,1.17
365,PRV55849,1.23
366,PRV55852,1.07
367,PRV55893,2.04
368,PRV55895,1.0
369,PRV55896,1.11
370,PRV55897,1.83
371,PRV55905,1.12
372,PRV55911,1.34
373,PRV55912,1.13
374,PRV55913,3.57
375,PRV55914,1.09
376,PRV55934,2.16
377,PRV55951,1.73
378,PRV55957,1.16
379,PRV55959,1.48
380,PRV55971,2.06
381,PRV55977,3.61
382,PRV55996,1.09
383,PRV56007,1.07
384,PRV56008,3.81
385,PRV56011,7.57
386,PRV56012,1.19
387,PRV56023,1.11
388,PRV56103,1.21
389,PRV56104,1.82
390,PRV56134,1.09
391,PRV56161,1.02
392,PRV56225,2.03
393,PRV56231,1.38
394,PRV56249,3.17
395,PRV56253,1.47
396,PRV56257,1.08
397,PRV56259,1.32
398,PRV56268,3.19
399,PRV56350,1.24
400,PRV56361,1.13
401,PRV56392,1.0
402,PRV56396,1.14
403,PRV56400,1.12
404,PRV56403,1.03
405,PRV56416,4.31
406,PRV56421,1.09
407,PRV56425,1.61
408,PRV56428,1.42
409,PRV56435,1.35
410,PRV56437,2.24
411,PRV56438,1.2
412,PRV56442,3.65
413,PRV56444,3.67
414,PRV56447,1.22
415,PRV56481,1.19
416,PRV56501,1.33
417,PRV56523,1.0
418,PRV56541,1.06
419,PRV56550,1.14
420,PRV56560,6.17
421,PRV56566,1.31
422,PRV56575,2.55
423,PRV56587,1.8
424,PRV56588,1.37
425,PRV56591,1.25
426,PRV56592,1.13
427,PRV56605,1.11
428,PRV56608,2.62
429,PRV56616,1.23
430,PRV56624,1.05
431,PRV56630,1.2
432,PRV56647,1.32
433,PRV56649,1.41
434,PRV56668,1.11
435,PRV56669,1.05
436,PRV56685,1.67
437,PRV56689,4.94
438,PRV56706,1.56
439,PRV56711,1.02
440,PRV56719,1.12
441,PRV56730,1.08
442,PRV56731,1.0
443,PRV56732,1.0
444,PRV56748,1.82
445,PRV56808,1.05
446,PRV56877,1.07
447,PRV56918,1.0
448,PRV57017,1.0
449,PRV57018,1.06
450,PRV57021,1.08
451,PRV57025,1.07
452,PRV57030,1.1
453,PRV57049,1.0
454,PRV57096,1.0
455,PRV57103,5.54
456,PRV57104,1.27
457,PRV57117,1.24
458,PRV57158,1.43
459,PRV57162,1.12
460,PRV57166,1.27
461,PRV57167,1.32
462,PRV57170,1.94
463,PRV57172,4.78
464,PRV57173,3.46
465,PRV57177,1.93
466,PRV57179,1.26
467,PRV57185,1.32
468,PRV57189,1.42
469,PRV57191,4.12
470,PRV57204,1.19
471,PRV57206,1.81
472,PRV57209,3.12
473,PRV57210,1.16
474,PRV57223,1.08
475,PRV57230,1.3
476,PRV57282,1.14
477,PRV57284,1.0
478,PRV57295,1.0
479,PRV57297,1.0
480,PRV57306,6.29
481,PRV57310,1.16
482,PRV57312,1.55
483,PRV57317,1.72
484,PRV57335,2.51
485,PRV57341,1.26
486,PRV57344,1.82
487,PRV57345,1.14
488,PRV57409,1.18
489,PRV57425,1.22
490,PRV57481,1.13
491,PRV57495,1.15
492,PRV57502,1.35
493,PRV57525,1.16
494,PRV57527,1.25
495,PRV57528,1.58
496,PRV57543,1.57
497,PRV57547,1.15
498,PRV57548,1.35
499,PRV57569,1.04
500,PRV57631,1.0
501,PRV57642,1.33
502,PRV57667,1.0
503,PRV57672,1.79
504,PRV57697,1.16
505,PRV57709,1.29
0,PRV51001,1.09
1,PRV51004,1.27
2,PRV51007,1.06
3,PRV51008,1.0
4,PRV51011,1.07
5,PRV51012,1.09
6,PRV51013,1.1
7,PRV51014,1.03
8,PRV51015,1.0
9,PRV51016,1.0
10,PRV51017,1.81
11,PRV51023,1.03
12,PRV51024,1.03
13,PRV51025,1.16
14,PRV51026,1.04
15,PRV51027,1.04
16,PRV51029,1.11
17,PRV51030,1.21
18,PRV51031,1.27
19,PRV51032,1.0
20,PRV51035,1.0
21,PRV51036,1.49
22,PRV51038,1.23
23,PRV51040,1.16
24,PRV51041,1.03
25,PRV51042,1.19
26,PRV51043,1.0
27,PRV51044,1.05
28,PRV51045,1.03
29,PRV51046,1.09
30,PRV51047,1.0
31,PRV51048,1.09
32,PRV51049,1.09
33,PRV51053,1.0
34,PRV51054,1.14
35,PRV51055,1.0
36,PRV51056,1.05
37,PRV51057,1.0
38,PRV51058,1.12
39,PRV51060,1.11
40,PRV51061,1.25
41,PRV51062,1.7
42,PRV51063,1.2
43,PRV51065,1.04
44,PRV51066,1.0
45,PRV51068,1.4
46,PRV51070,1.15
47,PRV51071,1.04
48,PRV51072,1.4
49,PRV51074,1.03
50,PRV51075,1.0
51,PRV51076,1.0
52,PRV51078,1.05
53,PRV51081,1.28
54,PRV51082,1.03
55,PRV51083,1.08
56,PRV51086,1.2
57,PRV51089,1.37
58,PRV51090,1.0
59,PRV51091,1.05
60,PRV51093,1.0
61,PRV51096,1.0
62,PRV51097,1.16
63,PRV51098,1.0
64,PRV51100,1.0
65,PRV51101,1.0
66,PRV51102,1.0
67,PRV51104,1.0
68,PRV51105,1.0
69,PRV51108,1.0
70,PRV51109,1.0
71,PRV51110,1.0
72,PRV51111,1.12
73,PRV51112,1.44
74,PRV51113,1.16
75,PRV51114,1.46
76,PRV51115,1.0
77,PRV51117,1.0
78,PRV51118,1.0
79,PRV51120,1.0
80,PRV51121,1.0
81,PRV51122,1.0
82,PRV51123,1.03
83,PRV51125,1.07
84,PRV51128,1.09
85,PRV51129,1.09
86,PRV51130,1.0
87,PRV51131,1.0
88,PRV51132,1.0
89,PRV51134,1.0
90,PRV51135,1.0
91,PRV51136,1.0
92,PRV51137,1.04
93,PRV51138,1.08
94,PRV51139,1.02
95,PRV51140,1.83
96,PRV51141,1.11
97,PRV51142,1.09
98,PRV51143,1.07
99,PRV51144,1.03
100,PRV51147,1.0
101,PRV51151,1.42
102,PRV51152,1.05
103,PRV51153,1.13
104,PRV51154,1.22
105,PRV51155,1.19
106,PRV51156,1.86
107,PRV51160,1.15
108,PRV51164,1.59
109,PRV51165,1.08
110,PRV51166,1.0
111,PRV51167,1.23
112,PRV51168,1.07
113,PRV51169,1.07
114,PRV51171,1.05
115,PRV51175,1.11
116,PRV51176,1.72
117,PRV51179,1.04
118,PRV51180,1.19
119,PRV51181,1.0
120,PRV51183,1.1
121,PRV51185,1.0
122,PRV51186,1.0
123,PRV51189,1.14
124,PRV51190,1.06
125,PRV51191,1.0
126,PRV51194,1.0
127,PRV51196,2.29
128,PRV51198,1.0
129,PRV51200,1.0
130,PRV51201,1.07
131,PRV51202,1.0
132,PRV51203,1.11
133,PRV51204,1.76
134,PRV51205,1.0
135,PRV51206,1.0
136,PRV51207,1.0
137,PRV51209,1.08
138,PRV51210,1.0
139,PRV51211,1.0
140,PRV51212,1.0
141,PRV51213,1.0
142,PRV51214,1.0
143,PRV51215,1.0
144,PRV51216,1.03
145,PRV51217,1.0
146,PRV51218,1.0
147,PRV51219,1.0
148,PRV51221,1.0
149,PRV51222,1.0
150,PRV51224,1.0
151,PRV51225,1.0
152,PRV51226,1.0
153,PRV51228,1.0
154,PRV51229,1.09
155,PRV51230,1.2
156,PRV51231,1.0
157,PRV51232,1.0
158,PRV51233,1.0
159,PRV51234,1.0
160,PRV51235,1.0
161,PRV51236,1.0
162,PRV51237,1.0
163,PRV51238,1.0
164,PRV51239,1.0
165,PRV51240,1.11
166,PRV51241,1.05
167,PRV51243,1.12
168,PRV51245,1.24
169,PRV51247,1.03
170,PRV51248,1.0
171,PRV51250,1.08
172,PRV51251,1.0
173,PRV51252,1.18
174,PRV51253,1.15
175,PRV51255,1.1
176,PRV51256,1.12
177,PRV51258,1.08
178,PRV51259,1.0
179,PRV51260,1.07
180,PRV51261,1.16
181,PRV51262,1.11
182,PRV51264,1.05
183,PRV51265,1.24
184,PRV51266,1.12
185,PRV51267,1.0
186,PRV51271,1.19
187,PRV51272,1.11
188,PRV51273,1.92
189,PRV51274,1.09
190,PRV51276,1.12
191,PRV51277,1.09
192,PRV51279,1.37
193,PRV51280,1.05
194,PRV51281,1.48
195,PRV51282,1.05
196,PRV51284,1.63
197,PRV51285,1.21
198,PRV51286,1.09
199,PRV51287,1.1
200,PRV51288,1.0
201,PRV51289,1.11
202,PRV51290,1.14
203,PRV51292,1.0
204,PRV51293,1.16
205,PRV51295,1.0
206,PRV51296,1.03
207,PRV51297,1.08
208,PRV51298,1.15
209,PRV51299,1.03
210,PRV51300,1.04
211,PRV51301,1.22
212,PRV51302,1.05
213,PRV51303,1.11
214,PRV51304,1.06
215,PRV51305,1.07
216,PRV51306,1.06
217,PRV51307,1.03
218,PRV51308,1.0
219,PRV51309,1.0
220,PRV51311,1.0
221,PRV51312,1.05
222,PRV51313,1.06
223,PRV51314,1.0
224,PRV51315,1.04
225,PRV51316,1.0
226,PRV51318,1.0
227,PRV51322,1.0
228,PRV51323,1.21
229,PRV51324,1.0
230,PRV51325,1.07
231,PRV51326,1.05
232,PRV51327,1.05
233,PRV51328,1.0
234,PRV51329,1.1
235,PRV51330,1.06
236,PRV51331,1.0
237,PRV51334,1.0
238,PRV51335,1.23
239,PRV51336,1.05
240,PRV51340,1.16
241,PRV51341,1.11
242,PRV51342,1.3
243,PRV51344,1.06
244,PRV51345,1.09
245,PRV51346,1.41
246,PRV51348,1.04
247,PRV51349,1.03
248,PRV51350,1.35
249,PRV51351,1.1
250,PRV51352,1.0
251,PRV51353,1.0
252,PRV51354,1.0
253,PRV51355,1.09
254,PRV51356,1.1
255,PRV51358,1.06
256,PRV51360,1.0
257,PRV51361,1.0
258,PRV51362,1.05
259,PRV51363,1.0
260,PRV51364,1.15
261,PRV51366,1.06
262,PRV51368,1.0
263,PRV51371,1.02
264,PRV51376,1.13
265,PRV51377,1.1
266,PRV51379,1.0
267,PRV51380,1.0
268,PRV51382,1.07
269,PRV51383,1.15
270,PRV51386,1.56
271,PRV51387,1.18
272,PRV51388,1.12
273,PRV51389,1.11
274,PRV51391,1.32
275,PRV51392,1.0
276,PRV51394,1.0
277,PRV51395,1.0
278,PRV51396,1.19
279,PRV51397,1.03
280,PRV51398,1.15
281,PRV51403,1.25
282,PRV51404,1.09
283,PRV51405,1.17
284,PRV51406,1.0
285,PRV51408,1.0
286,PRV51409,1.0
287,PRV51412,1.0
288,PRV51414,1.12
289,PRV51415,1.09
290,PRV51416,1.05
291,PRV51418,1.05
292,PRV51419,1.08
293,PRV51422,1.0
294,PRV51423,1.0
295,PRV51424,1.16
296,PRV51425,1.06
297,PRV51427,1.04
298,PRV51428,1.06
299,PRV51429,1.11
300,PRV51430,1.15
301,PRV51431,1.07
302,PRV51432,1.0
303,PRV51435,1.05
304,PRV51436,1.24
305,PRV51437,1.0
306,PRV51438,1.0
307,PRV51439,1.08
308,PRV51440,1.15
309,PRV51441,1.15
310,PRV51442,1.0
311,PRV51443,1.14
312,PRV51444,1.08
313,PRV51446,1.0
314,PRV51448,1.09
315,PRV51449,1.0
316,PRV51451,1.0
317,PRV51453,1.0
318,PRV51454,1.03
319,PRV51455,1.0
320,PRV51456,1.21
321,PRV51458,1.02
322,PRV51460,1.76
323,PRV51462,1.07
324,PRV51464,1.18
325,PRV51465,1.0
326,PRV51466,1.07
327,PRV51467,1.0
328,PRV51468,1.32
329,PRV51469,1.0
330,PRV51470,1.12
331,PRV51472,1.0
332,PRV51474,1.25
333,PRV51475,1.1
334,PRV51476,1.06
335,PRV51477,1.0
336,PRV51478,1.06
337,PRV51479,1.33
338,PRV51483,1.07
339,PRV51484,1.15
340,PRV51486,1.3
341,PRV51487,1.0
342,PRV51488,1.43
343,PRV51491,1.15
344,PRV51492,1.09
345,PRV51494,1.06
346,PRV51496,1.28
347,PRV51497,1.07
348,PRV51499,1.78
349,PRV51500,1.0
350,PRV51502,1.07
351,PRV51503,1.12
352,PRV51504,1.17
353,PRV51505,1.0
354,PRV51508,1.29
355,PRV51509,2.93
356,PRV51510,1.14
357,PRV51511,1.0
358,PRV51514,1.15
359,PRV51515,1.0
360,PRV51516,1.08
361,PRV51517,1.0
362,PRV51518,1.15
363,PRV51521,1.05
364,PRV51522,1.3
365,PRV51523,1.03
366,PRV51525,1.05
367,PRV51526,1.11
368,PRV51527,1.05
369,PRV51528,1.0
370,PRV51529,1.0
371,PRV51531,1.03
372,PRV51532,1.03
373,PRV51533,1.09
374,PRV51534,1.0
375,PRV51535,1.56
376,PRV51536,1.14
377,PRV51540,1.08
378,PRV51541,1.0
379,PRV51544,1.32
380,PRV51546,1.03
381,PRV51547,1.0
382,PRV51549,1.0
383,PRV51550,1.15
384,PRV51551,1.04
385,PRV51552,1.07
386,PRV51553,1.0
387,PRV51554,1.0
388,PRV51555,1.0
389,PRV51556,1.04
390,PRV51557,1.0
391,PRV51558,1.08
392,PRV51562,1.0
393,PRV51563,1.0
394,PRV51564,1.04
395,PRV51566,1.0
396,PRV51568,1.04
397,PRV51569,1.0
398,PRV51570,1.0
399,PRV51571,1.0
400,PRV51572,1.0
401,PRV51573,1.1
402,PRV51576,1.07
403,PRV51577,1.0
404,PRV51579,1.03
405,PRV51580,1.0
406,PRV51582,1.0
407,PRV51583,1.09
408,PRV51585,1.0
409,PRV51587,1.0
410,PRV51588,1.0
411,PRV51592,1.0
412,PRV51595,1.0
413,PRV51596,1.06
414,PRV51598,1.83
415,PRV51599,1.0
416,PRV51600,1.12
417,PRV51601,1.0
418,PRV51602,1.03
419,PRV51605,1.06
420,PRV51606,1.1
421,PRV51607,1.0
422,PRV51608,1.09
423,PRV51609,1.12
424,PRV51610,1.0
425,PRV51611,1.0
426,PRV51612,1.0
427,PRV51613,1.17
428,PRV51616,1.0
429,PRV51617,1.0
430,PRV51618,1.0
431,PRV51619,1.06
432,PRV51620,1.0
433,PRV51621,1.0
434,PRV51622,1.16
435,PRV51623,1.05
436,PRV51624,1.0
437,PRV51625,1.0
438,PRV51626,1.12
439,PRV51627,1.04
440,PRV51628,1.0
441,PRV51629,1.0
442,PRV51630,1.0
443,PRV51631,1.0
444,PRV51632,1.04
445,PRV51634,1.24
446,PRV51635,1.07
447,PRV51636,1.52
448,PRV51637,1.0
449,PRV51638,1.0
450,PRV51639,1.04
451,PRV51640,1.0
452,PRV51641,1.0
453,PRV51642,1.07
454,PRV51644,1.0
455,PRV51645,1.0
456,PRV51647,1.0
457,PRV51650,1.0
458,PRV51652,1.1
459,PRV51653,1.09
460,PRV51654,1.0
461,PRV51655,1.0
462,PRV51656,1.0
463,PRV51657,1.0
464,PRV51658,1.0
465,PRV51660,1.0
466,PRV51661,1.25
467,PRV51664,1.0
468,PRV51665,1.0
469,PRV51666,1.0
470,PRV51668,1.0
471,PRV51669,1.06
472,PRV51670,1.71
473,PRV51671,1.05
474,PRV51672,1.0
475,PRV51673,1.2
476,PRV51674,1.0
477,PRV51675,1.08
478,PRV51676,1.19
479,PRV51678,1.14
480,PRV51679,1.06
481,PRV51681,1.0
482,PRV51682,1.0
483,PRV51685,1.08
484,PRV51687,1.0
485,PRV51688,1.0
486,PRV51689,1.0
487,PRV51690,1.38
488,PRV51691,1.13
489,PRV51692,1.1
490,PRV51693,1.19
491,PRV51694,1.04
492,PRV51695,1.7
493,PRV51696,1.0
494,PRV51697,1.11
495,PRV51698,1.0
496,PRV51699,1.34
497,PRV51702,1.0
498,PRV51703,1.0
499,PRV51704,1.0
500,PRV51705,1.0
501,PRV51706,1.0
502,PRV51707,1.09
503,PRV51708,1.0
504,PRV51709,1.0
505,PRV51710,1.0
506,PRV51711,1.0
507,PRV51712,1.0
508,PRV51713,1.0
509,PRV51715,1.09
510,PRV51716,1.08
511,PRV51718,1.0
512,PRV51719,1.0
513,PRV51720,1.0
514,PRV51721,1.0
515,PRV51722,1.0
516,PRV51723,1.07
517,PRV51724,1.0
518,PRV51725,1.0
519,PRV51726,1.0
520,PRV51727,1.0
521,PRV51729,1.06
522,PRV51731,1.0
523,PRV51732,1.0
524,PRV51733,1.0
525,PRV51734,1.0
526,PRV51735,1.0
527,PRV51736,1.0
528,PRV51737,1.33
529,PRV51738,1.0
530,PRV51739,1.09
531,PRV51740,1.04
532,PRV51741,1.06
533,PRV51742,1.0
534,PRV51743,1.13
535,PRV51744,1.0
536,PRV51745,1.08
537,PRV51746,1.08
538,PRV51747,1.0
539,PRV51748,1.0
540,PRV51749,1.0
541,PRV51750,1.0
542,PRV51751,1.0
543,PRV51752,1.12
544,PRV51753,1.0
545,PRV51754,1.0
546,PRV51755,1.0
547,PRV51758,1.0
548,PRV51759,1.0
549,PRV51761,1.0
550,PRV51762,1.0
551,PRV51763,1.0
552,PRV51764,1.06
553,PRV51765,1.0
554,PRV51766,1.05
555,PRV51767,1.0
556,PRV51769,1.0
557,PRV51770,1.0
558,PRV51771,1.08
559,PRV51773,1.0
560,PRV51774,1.0
561,PRV51775,1.05
562,PRV51776,1.1
563,PRV51778,1.0
564,PRV51779,1.09
565,PRV51780,1.03
566,PRV51781,1.04
567,PRV51784,1.0
568,PRV51786,1.0
569,PRV51787,1.0
570,PRV51788,1.29
571,PRV51789,1.03
572,PRV51790,1.07
573,PRV51792,1.1
574,PRV51793,1.04
575,PRV51794,1.0
576,PRV51795,1.03
577,PRV51796,1.0
578,PRV51797,1.0
579,PRV51798,1.0
580,PRV51799,1.0
581,PRV51801,1.0
582,PRV51802,1.0
583,PRV51803,1.0
584,PRV51806,1.0
585,PRV51807,1.0
586,PRV51809,1.08
587,PRV51810,1.0
588,PRV51811,1.0
589,PRV51812,1.0
590,PRV51813,1.0
591,PRV51815,1.0
592,PRV51816,1.0
593,PRV51819,1.0
594,PRV51820,1.25
595,PRV51821,1.0
596,PRV51822,1.0
597,PRV51823,1.0
598,PRV51824,1.0
599,PRV51827,1.06
600,PRV51828,1.0
601,PRV51829,1.0
602,PRV51830,1.0
603,PRV51831,1.0
604,PRV51833,1.0
605,PRV51837,1.13
606,PRV51838,1.29
607,PRV51841,1.06
608,PRV51843,1.11
609,PRV51845,1.1
610,PRV51846,1.04
611,PRV51847,1.05
612,PRV51848,1.16
613,PRV51849,1.24
614,PRV51852,1.06
615,PRV51855,1.18
616,PRV51856,1.15
617,PRV51858,1.02
618,PRV51859,1.07
619,PRV51860,2.35
620,PRV51861,1.0
621,PRV51862,1.05
622,PRV51863,1.03
623,PRV51864,1.17
624,PRV51865,1.08
625,PRV51867,1.16
626,PRV51869,1.0
627,PRV51870,1.12
628,PRV51871,1.07
629,PRV51872,1.0
630,PRV51874,1.05
631,PRV51875,1.0
632,PRV51877,1.0
633,PRV51878,1.0
634,PRV51879,1.11
635,PRV51884,1.05
636,PRV51885,1.13
637,PRV51886,1.0
638,PRV51887,1.0
639,PRV51888,1.0
640,PRV51889,1.0
641,PRV51890,1.05
642,PRV51891,1.0
643,PRV51892,1.0
644,PRV51894,1.0
645,PRV51895,1.0
646,PRV51896,1.0
647,PRV51897,1.07
648,PRV51898,1.11
649,PRV51899,1.1
650,PRV51901,1.0
651,PRV51902,1.0
652,PRV51905,1.4
653,PRV51906,1.0
654,PRV51908,1.1
655,PRV51909,1.0
656,PRV51910,1.08
657,PRV51911,1.15
658,PRV51913,1.0
659,PRV51914,1.0
660,PRV51915,1.0
661,PRV51916,1.02
662,PRV51917,1.0
663,PRV51918,1.0
664,PRV51919,1.2
665,PRV51921,1.08
666,PRV51922,1.04
667,PRV51923,1.0
668,PRV51924,1.02
669,PRV51925,1.0
670,PRV51926,1.03
671,PRV51927,1.0
672,PRV51928,1.0
673,PRV51929,1.22
674,PRV51930,1.0
675,PRV51931,1.0
676,PRV51932,1.0
677,PRV51933,1.08
678,PRV51934,1.13
679,PRV51935,1.12
680,PRV51936,1.0
681,PRV51937,1.12
682,PRV51938,1.19
683,PRV51941,1.04
684,PRV51942,1.06
685,PRV51943,1.14
686,PRV51944,1.22
687,PRV51946,1.07
688,PRV51947,1.08
689,PRV51949,1.06
690,PRV51950,1.15
691,PRV51952,1.06
692,PRV51954,2.07
693,PRV51956,1.08
694,PRV51957,1.08
695,PRV51958,1.04
696,PRV51959,2.35
697,PRV51960,1.09
698,PRV51961,1.23
699,PRV51963,1.04
700,PRV51964,1.0
701,PRV51965,1.0
702,PRV51966,1.0
703,PRV51967,1.08
704,PRV51968,1.0
705,PRV51969,1.05
706,PRV51970,1.06
707,PRV51972,1.0
708,PRV51973,1.04
709,PRV51974,1.0
710,PRV51976,1.17
711,PRV51977,1.0
712,PRV51978,1.0
713,PRV51981,1.0
714,PRV51983,1.03
715,PRV51984,1.87
716,PRV51987,1.0
717,PRV51988,1.03
718,PRV51989,1.0
719,PRV51990,1.13
720,PRV51991,1.07
721,PRV51992,1.07
722,PRV51993,1.0
723,PRV51994,1.06
724,PRV51995,1.05
725,PRV51996,1.08
726,PRV51998,1.0
727,PRV51999,1.06
728,PRV52001,3.31
729,PRV52003,1.19
730,PRV52004,1.07
731,PRV52007,1.0
732,PRV52008,1.09
733,PRV52009,1.0
734,PRV52010,1.0
735,PRV52011,1.04
736,PRV52012,1.0
737,PRV52013,1.09
738,PRV52014,1.5
739,PRV52017,1.46
740,PRV52022,1.18
741,PRV52024,1.0
742,PRV52025,1.13
743,PRV52026,1.0
744,PRV52027,1.34
745,PRV52028,1.06
746,PRV52029,1.19
747,PRV52031,1.19
748,PRV52037,1.24
749,PRV52038,1.41
750,PRV52039,1.06
751,PRV52042,1.06
752,PRV52044,1.14
753,PRV52046,1.15
754,PRV52047,1.04
755,PRV52048,1.14
756,PRV52049,1.24
757,PRV52051,1.24
758,PRV52052,1.04
759,PRV52054,1.35
760,PRV52055,1.25
761,PRV52056,1.07
762,PRV52057,1.27
763,PRV52058,1.29
764,PRV52061,1.19
765,PRV52062,1.25
766,PRV52063,2.36
767,PRV52068,1.14
768,PRV52069,1.09
769,PRV52071,2.33
770,PRV52072,1.2
771,PRV52073,1.07
772,PRV52074,1.15
773,PRV52075,1.0
774,PRV52076,1.31
775,PRV52079,1.03
776,PRV52081,1.0
777,PRV52082,1.0
778,PRV52084,1.03
779,PRV52085,2.5
780,PRV52087,1.06
781,PRV52088,1.1
782,PRV52090,1.55
783,PRV52092,1.35
784,PRV52094,1.04
785,PRV52095,1.03
786,PRV52097,1.12
787,PRV52098,1.81
788,PRV52099,1.14
789,PRV52101,1.07
790,PRV52102,1.0
791,PRV52104,3.28
792,PRV52105,1.0
793,PRV52107,1.16
794,PRV52109,1.35
795,PRV52111,1.2
796,PRV52112,1.15
797,PRV52113,1.13
798,PRV52118,1.08
799,PRV52121,1.18
800,PRV52122,1.0
801,PRV52126,1.16
802,PRV52127,1.07
803,PRV52128,1.15
804,PRV52129,1.41
805,PRV52130,1.16
806,PRV52131,1.17
807,PRV52133,1.43
808,PRV52136,1.21
809,PRV52138,1.25
810,PRV52140,1.0
811,PRV52141,2.19
812,PRV52142,1.07
813,PRV52143,1.0
814,PRV52144,1.25
815,PRV52145,1.37
816,PRV52146,1.05
817,PRV52148,1.08
818,PRV52149,1.28
819,PRV52150,1.46
820,PRV52152,1.11
821,PRV52154,2.34
822,PRV52155,1.09
823,PRV52156,1.18
824,PRV52157,1.39
825,PRV52159,1.36
826,PRV52160,1.04
827,PRV52161,1.0
828,PRV52162,1.05
829,PRV52163,1.11
830,PRV52166,1.23
831,PRV52167,1.14
832,PRV52168,1.05
833,PRV52169,1.08
834,PRV52170,1.05
835,PRV52171,1.0
836,PRV52174,1.0
837,PRV52175,1.43
838,PRV52176,1.0
839,PRV52177,1.03
840,PRV52179,1.1
841,PRV52180,1.05
842,PRV52182,1.16
843,PRV52184,1.0
844,PRV52185,1.11
845,PRV52186,1.11
846,PRV52187,1.08
847,PRV52188,1.03
848,PRV52189,1.05
849,PRV52191,1.12
850,PRV52192,1.07
851,PRV52193,1.14
852,PRV52196,1.0
853,PRV52197,1.0
854,PRV52199,1.0
855,PRV52200,1.0
856,PRV52201,1.0
857,PRV52202,1.04
858,PRV52204,1.0
859,PRV52205,1.0
860,PRV52206,1.0
861,PRV52208,1.0
862,PRV52209,1.0
863,PRV52211,1.19
864,PRV52212,1.07
865,PRV52213,1.0
866,PRV52214,1.04
867,PRV52216,1.0
868,PRV52217,1.0
869,PRV52218,1.0
870,PRV52219,1.0
871,PRV52220,1.0
872,PRV52221,1.0
873,PRV52222,1.08
874,PRV52224,1.08
875,PRV52225,1.0
876,PRV52226,1.0
877,PRV52227,1.0
878,PRV52228,1.0
879,PRV52229,1.0
880,PRV52230,1.08
881,PRV52231,1.0
882,PRV52232,1.0
883,PRV52233,1.29
884,PRV52235,1.0
885,PRV52236,1.0
886,PRV52237,1.09
887,PRV52238,1.0
888,PRV52240,1.15
889,PRV52241,1.05
890,PRV52242,1.07
891,PRV52246,1.08
892,PRV52247,1.11
893,PRV52248,1.09
894,PRV52249,1.07
895,PRV52251,1.0
896,PRV52252,1.04
897,PRV52253,1.0
898,PRV52254,1.07
899,PRV52255,1.0
900,PRV52256,1.0
901,PRV52257,1.0
902,PRV52260,1.09
903,PRV52261,1.0
904,PRV52262,1.12
905,PRV52263,1.0
906,PRV52264,1.0
907,PRV52265,1.03
908,PRV52266,1.0
909,PRV52267,1.0
910,PRV52271,1.0
911,PRV52272,1.0
912,PRV52273,1.0
913,PRV52274,1.03
914,PRV52275,1.15
915,PRV52276,1.17
916,PRV52278,1.07
917,PRV52279,1.11
918,PRV52281,1.02
919,PRV52282,1.0
920,PRV52284,1.03
921,PRV52285,1.0
922,PRV52286,1.0
923,PRV52288,1.0
924,PRV52289,1.0
925,PRV52290,1.0
926,PRV52291,1.0
927,PRV52293,1.0
928,PRV52294,1.0
929,PRV52295,1.0
930,PRV52296,1.0
931,PRV52298,1.35
932,PRV52299,2.07
933,PRV52300,1.05
934,PRV52302,1.07
935,PRV52303,1.61
936,PRV52304,1.28
937,PRV52306,1.0
938,PRV52309,1.24
939,PRV52310,1.71
940,PRV52311,1.0
941,PRV52312,1.38
942,PRV52313,1.86
943,PRV52314,1.29
944,PRV52315,1.13
945,PRV52317,1.0
946,PRV52318,1.05
947,PRV52319,1.15
948,PRV52323,1.2
949,PRV52326,1.0
950,PRV52328,1.03
951,PRV52331,1.07
952,PRV52332,1.08
953,PRV52334,1.06
954,PRV52335,1.41
955,PRV52336,1.13
956,PRV52341,1.18
957,PRV52342,1.29
958,PRV52344,1.16
959,PRV52346,1.15
960,PRV52348,1.2
961,PRV52349,1.19
962,PRV52350,1.03
963,PRV52351,1.71
964,PRV52352,1.07
965,PRV52353,1.07
966,PRV52354,1.06
967,PRV52355,1.11
968,PRV52356,1.13
969,PRV52357,1.19
970,PRV52358,1.0
971,PRV52359,1.19
972,PRV52361,1.22
973,PRV52362,1.21
974,PRV52365,2.38
975,PRV52366,1.3
976,PRV52367,1.45
977,PRV52369,1.99
978,PRV52371,1.09
979,PRV52372,1.17
980,PRV52373,1.0
981,PRV52374,1.34
982,PRV52377,1.02
983,PRV52378,1.0
984,PRV52380,1.0
985,PRV52381,1.05
986,PRV52384,1.0
987,PRV52385,1.0
988,PRV52386,1.39
989,PRV52387,1.07
990,PRV52389,1.3
991,PRV52390,1.06
992,PRV52391,1.0
993,PRV52392,1.19
994,PRV52393,1.07
995,PRV52394,1.23
996,PRV52395,2.67
997,PRV52397,1.0
998,PRV52398,1.12
999,PRV52399,1.64
1000,PRV52400,1.28
1001,PRV52401,1.17
1002,PRV52402,1.31
1003,PRV52403,1.3
1004,PRV52404,1.04
1005,PRV52405,1.14
1006,PRV52406,1.12
1007,PRV52407,1.05
1008,PRV52408,1.04
1009,PRV52409,1.0
1010,PRV52410,1.12
1011,PRV52411,1.11
1012,PRV52412,1.11
1013,PRV52414,1.21
1014,PRV52415,1.02
1015,PRV52416,1.08
1016,PRV52417,1.05
1017,PRV52418,1.06
1018,PRV52419,1.18
1019,PRV52421,1.08
1020,PRV52422,1.09
1021,PRV52423,1.2
1022,PRV52425,1.05
1023,PRV52427,1.06
1024,PRV52431,1.11
1025,PRV52432,1.16
1026,PRV52433,1.15
1027,PRV52434,1.0
1028,PRV52435,1.06
1029,PRV52436,1.02
1030,PRV52437,1.05
1031,PRV52439,1.15
1032,PRV52440,1.0
1033,PRV52441,1.15
1034,PRV52443,1.0
1035,PRV52446,1.0
1036,PRV52448,1.0
1037,PRV52449,1.0
1038,PRV52450,1.41
1039,PRV52451,1.0
1040,PRV52452,1.43
1041,PRV52453,1.0
1042,PRV52454,1.07
1043,PRV52455,1.06
1044,PRV52456,1.0
1045,PRV52457,1.0
1046,PRV52458,1.0
1047,PRV52459,1.04
1048,PRV52460,1.0
1049,PRV52461,1.17
1050,PRV52462,1.0
1051,PRV52463,1.0
1052,PRV52464,1.0
1053,PRV52466,1.0
1054,PRV52468,1.0
1055,PRV52469,1.28
1056,PRV52470,1.0
1057,PRV52471,1.0
1058,PRV52472,1.13
1059,PRV52473,1.0
1060,PRV52474,1.16
1061,PRV52476,1.04
1062,PRV52478,1.1
1063,PRV52480,1.0
1064,PRV52482,1.0
1065,PRV52483,1.34
1066,PRV52484,1.08
1067,PRV52485,1.0
1068,PRV52486,1.13
1069,PRV52487,1.2
1070,PRV52488,1.2
1071,PRV52490,1.06
1072,PRV52491,1.03
1073,PRV52492,1.0
1074,PRV52493,1.0
1075,PRV52494,1.0
1076,PRV52495,1.07
1077,PRV52499,1.24
1078,PRV52500,1.19
1079,PRV52501,1.0
1080,PRV52503,1.13
1081,PRV52506,1.0
1082,PRV52507,1.04
1083,PRV52508,1.06
1084,PRV52509,1.09
1085,PRV52510,1.04
1086,PRV52512,1.03
1087,PRV52513,1.0
1088,PRV52514,1.07
1089,PRV52515,1.0
1090,PRV52517,1.07
1091,PRV52518,1.09
1092,PRV52519,1.19
1093,PRV52520,1.2
1094,PRV52521,1.11
1095,PRV52523,1.0
1096,PRV52525,1.0
1097,PRV52526,1.0
1098,PRV52527,1.36
1099,PRV52528,1.04
1100,PRV52529,1.0
1101,PRV52530,1.11
1102,PRV52531,1.0
1103,PRV52532,1.0
1104,PRV52533,1.0
1105,PRV52535,1.0
1106,PRV52536,1.0
1107,PRV52537,1.0
1108,PRV52539,1.08
1109,PRV52540,1.17
1110,PRV52541,1.0
1111,PRV52542,1.07
1112,PRV52543,1.28
1113,PRV52544,1.0
1114,PRV52545,1.0
1115,PRV52547,1.0
1116,PRV52548,1.0
1117,PRV52549,1.26
1118,PRV52551,1.0
1119,PRV52552,1.06
1120,PRV52553,1.0
1121,PRV52554,1.0
1122,PRV52555,1.0
1123,PRV52556,1.25
1124,PRV52557,1.0
1125,PRV52558,1.78
1126,PRV52559,1.56
1127,PRV52560,1.86
1128,PRV52561,1.38
1129,PRV52562,1.18
1130,PRV52563,1.76
1131,PRV52564,1.0
1132,PRV52565,1.2
1133,PRV52566,1.25
1134,PRV52567,1.06
1135,PRV52568,1.14
1136,PRV52570,1.04
1137,PRV52571,1.87
1138,PRV52572,1.0
1139,PRV52573,1.98
1140,PRV52575,1.06
1141,PRV52576,1.0
1142,PRV52577,1.0
1143,PRV52579,1.0
1144,PRV52580,1.08
1145,PRV52581,1.22
1146,PRV52582,1.0
1147,PRV52583,1.29
1148,PRV52584,1.17
1149,PRV52586,1.0
1150,PRV52587,1.21
1151,PRV52588,1.11
1152,PRV52591,1.07
1153,PRV52592,1.0
1154,PRV52596,1.0
1155,PRV52598,1.07
1156,PRV52599,1.39
1157,PRV52602,1.13
1158,PRV52604,1.0
1159,PRV52605,2.91
1160,PRV52606,1.0
1161,PRV52607,1.0
1162,PRV52608,1.0
1163,PRV52610,1.0
1164,PRV52611,1.0
1165,PRV52614,1.26
1166,PRV52615,1.0
1167,PRV52616,1.0
1168,PRV52617,1.36
1169,PRV52621,1.1
1170,PRV52622,1.0
1171,PRV52623,1.31
1172,PRV52626,1.0
1173,PRV52627,1.0
1174,PRV52629,1.09
1175,PRV52631,3.05
1176,PRV52633,1.57
1177,PRV52634,1.13
1178,PRV52636,1.0
1179,PRV52638,1.0
1180,PRV52639,1.06
1181,PRV52640,1.1
1182,PRV52641,1.14
1183,PRV52643,1.0
1184,PRV52644,1.03
1185,PRV52645,1.58
1186,PRV52646,1.08
1187,PRV52647,1.17
1188,PRV52651,1.0
1189,PRV52653,1.0
1190,PRV52654,1.25
1191,PRV52656,2.35
1192,PRV52657,1.14
1193,PRV52658,1.0
1194,PRV52659,1.09
1195,PRV52660,1.94
1196,PRV52661,1.43
1197,PRV52662,1.0
1198,PRV52663,2.0
1199,PRV52665,2.06
1200,PRV52666,1.03
1201,PRV52667,1.0
1202,PRV52668,1.0
1203,PRV52669,1.0
1204,PRV52670,1.0
1205,PRV52671,1.0
1206,PRV52672,1.0
1207,PRV52673,1.12
1208,PRV52674,1.0
1209,PRV52676,1.05
1210,PRV52677,1.0
1211,PRV52678,1.06
1212,PRV52679,1.08
1213,PRV52681,1.0
1214,PRV52683,1.21
1215,PRV52684,1.35
1216,PRV52686,1.0
1217,PRV52687,1.05
1218,PRV52688,1.09
1219,PRV52689,1.09
1220,PRV52691,1.0
1221,PRV52692,1.03
1222,PRV52693,1.0
1223,PRV52694,1.0
1224,PRV52695,1.0
1225,PRV52696,1.0
1226,PRV52697,1.0
1227,PRV52698,1.22
1228,PRV52699,1.0
1229,PRV52700,1.03
1230,PRV52701,1.1
1231,PRV52702,1.04
1232,PRV52703,1.0
1233,PRV52704,1.24
1234,PRV52706,1.08
1235,PRV52708,1.0
1236,PRV52709,1.0
1237,PRV52710,1.0
1238,PRV52711,1.0
1239,PRV52713,1.13
1240,PRV52714,1.0
1241,PRV52715,1.0
1242,PRV52717,1.19
1243,PRV52719,1.11
1244,PRV52720,1.14
1245,PRV52721,1.0
1246,PRV52722,1.47
1247,PRV52723,1.27
1248,PRV52724,1.0
1249,PRV52725,1.08
1250,PRV52726,1.0
1251,PRV52727,1.0
1252,PRV52728,1.0
1253,PRV52729,1.0
1254,PRV52731,1.0
1255,PRV52732,1.0
1256,PRV52733,1.0
1257,PRV52736,1.0
1258,PRV52738,1.05
1259,PRV52739,1.02
1260,PRV52740,1.03
1261,PRV52741,1.0
1262,PRV52742,1.0
1263,PRV52743,1.0
1264,PRV52744,1.0
1265,PRV52745,1.23
1266,PRV52746,1.0
1267,PRV52747,1.0
1268,PRV52748,1.0
1269,PRV52750,1.08
1270,PRV52751,1.0
1271,PRV52752,1.0
1272,PRV52753,1.0
1273,PRV52754,1.0
1274,PRV52755,1.0
1275,PRV52756,1.0
1276,PRV52757,1.0
1277,PRV52758,1.0
1278,PRV52760,1.0
1279,PRV52761,1.0
1280,PRV52763,1.0
1281,PRV52764,1.0
1282,PRV52766,1.0
1283,PRV52767,1.0
1284,PRV52768,1.09
1285,PRV52769,1.0
1286,PRV52770,1.0
1287,PRV52771,1.0
1288,PRV52772,1.0
1289,PRV52773,1.0
1290,PRV52774,1.0
1291,PRV52775,1.0
1292,PRV52777,1.0
1293,PRV52778,1.0
1294,PRV52781,1.0
1295,PRV52782,1.0
1296,PRV52783,1.0
1297,PRV52784,1.0
1298,PRV52785,1.0
1299,PRV52786,1.0
1300,PRV52787,1.0
1301,PRV52788,1.64
1302,PRV52789,1.06
1303,PRV52790,1.04
1304,PRV52791,1.0
1305,PRV52792,1.0
1306,PRV52793,1.06
1307,PRV52794,1.0
1308,PRV52795,1.0
1309,PRV52796,1.07
1310,PRV52797,1.0
1311,PRV52798,1.06
1312,PRV52799,1.0
1313,PRV52800,1.0
1314,PRV52801,1.07
1315,PRV52803,1.0
1316,PRV52804,1.0
1317,PRV52806,1.0
1318,PRV52807,1.0
1319,PRV52808,1.0
1320,PRV52810,1.0
1321,PRV52813,1.0
1322,PRV52814,1.0
1323,PRV52816,1.0
1324,PRV52818,1.11
1325,PRV52820,1.03
1326,PRV52822,1.19
1327,PRV52823,1.13
1328,PRV52824,1.02
1329,PRV52825,1.0
1330,PRV52827,2.41
1331,PRV52829,1.9
1332,PRV52830,1.06
1333,PRV52831,1.03
1334,PRV52832,1.0
1335,PRV52833,1.0
1336,PRV52835,1.12
1337,PRV52836,1.0
1338,PRV52837,1.09
1339,PRV52838,1.11
1340,PRV52839,1.06
1341,PRV52841,1.0
1342,PRV52842,1.72
1343,PRV52844,1.17
1344,PRV52845,1.37
1345,PRV52848,1.04
1346,PRV52849,1.0
1347,PRV52850,1.25
1348,PRV52851,1.06
1349,PRV52853,1.04
1350,PRV52855,1.0
1351,PRV52857,1.85
1352,PRV52858,1.11
1353,PRV52859,2.76
1354,PRV52861,1.0
1355,PRV52862,1.06
1356,PRV52863,1.08
1357,PRV52864,1.12
1358,PRV52865,1.1
1359,PRV52869,1.07
1360,PRV52872,1.15
1361,PRV52873,1.08
1362,PRV52875,1.0
1363,PRV52876,1.06
1364,PRV52877,1.06
1365,PRV52878,1.0
1366,PRV52879,1.11
1367,PRV52880,1.0
1368,PRV52881,1.5
1369,PRV52882,1.14
1370,PRV52886,1.15
1371,PRV52889,2.13
1372,PRV52890,1.05
1373,PRV52891,1.0
1374,PRV52892,1.06
1375,PRV52893,1.62
1376,PRV52895,1.12
1377,PRV52896,1.17
1378,PRV52897,1.05
1379,PRV52898,1.19
1380,PRV52899,1.0
1381,PRV52901,1.1
1382,PRV52902,1.1
1383,PRV52904,1.0
1384,PRV52905,1.21
1385,PRV52907,1.22
1386,PRV52910,1.06
1387,PRV52911,1.0
1388,PRV52912,1.0
1389,PRV52913,1.06
1390,PRV52914,1.07
1391,PRV52916,1.0
1392,PRV52917,1.03
1393,PRV52918,1.0
1394,PRV52919,1.06
1395,PRV52920,1.06
1396,PRV52921,1.02
1397,PRV52922,1.03
1398,PRV52924,1.0
1399,PRV52925,1.0
1400,PRV52926,1.0
1401,PRV52928,1.02
1402,PRV52929,1.0
1403,PRV52930,1.2
1404,PRV52931,1.08
1405,PRV52932,1.0
1406,PRV52934,1.03
1407,PRV52935,1.44
1408,PRV52936,1.11
1409,PRV52937,1.0
1410,PRV52938,1.0
1411,PRV52940,1.0
1412,PRV52941,1.08
1413,PRV52942,1.08
1414,PRV52943,1.03
1415,PRV52944,1.0
1416,PRV52945,1.12
1417,PRV52948,1.14
1418,PRV52949,1.1
1419,PRV52950,1.23
1420,PRV52951,1.11
1421,PRV52952,1.0
1422,PRV52953,1.13
1423,PRV52954,1.0
1424,PRV52955,1.11
1425,PRV52956,1.0
1426,PRV52957,1.0
1427,PRV52958,1.0
1428,PRV52961,1.0
1429,PRV52962,1.08
1430,PRV52963,1.0
1431,PRV52964,1.08
1432,PRV52966,1.0
1433,PRV52970,1.0
1434,PRV52971,1.0
1435,PRV52972,1.0
1436,PRV52976,1.0
1437,PRV52978,1.0
1438,PRV52979,1.0
1439,PRV52980,2.01
1440,PRV52981,1.59
1441,PRV52986,1.03
1442,PRV52988,1.53
1443,PRV52991,1.05
1444,PRV52993,1.0
1445,PRV52996,1.09
1446,PRV52998,1.06
1447,PRV52999,1.12
1448,PRV53000,2.27
1449,PRV53001,1.22
1450,PRV53002,1.7
1451,PRV53004,1.0
1452,PRV53009,1.09
1453,PRV53013,1.0
1454,PRV53014,1.0
1455,PRV53015,1.0
1456,PRV53016,1.03
1457,PRV53017,1.0
1458,PRV53018,1.02
1459,PRV53019,1.0
1460,PRV53020,1.0
1461,PRV53024,1.04
1462,PRV53025,1.04
1463,PRV53026,1.08
1464,PRV53027,1.0
1465,PRV53028,1.0
1466,PRV53029,1.07
1467,PRV53031,1.0
1468,PRV53032,1.05
1469,PRV53033,1.0
1470,PRV53034,1.0
1471,PRV53035,1.06
1472,PRV53036,1.18
1473,PRV53037,1.0
1474,PRV53038,1.0
1475,PRV53040,1.0
1476,PRV53042,1.05
1477,PRV53043,1.07
1478,PRV53044,1.08
1479,PRV53045,1.32
1480,PRV53047,1.07
1481,PRV53048,1.17
1482,PRV53049,1.0
1483,PRV53050,1.0
1484,PRV53052,1.0
1485,PRV53054,1.04
1486,PRV53055,1.11
1487,PRV53056,1.03
1488,PRV53057,1.1
1489,PRV53059,1.0
1490,PRV53061,1.0
1491,PRV53062,1.0
1492,PRV53063,1.0
1493,PRV53064,1.06
1494,PRV53065,1.0
1495,PRV53066,1.0
1496,PRV53067,1.0
1497,PRV53069,1.0
1498,PRV53070,1.05
1499,PRV53071,1.04
1500,PRV53072,1.06
1501,PRV53073,1.0
1502,PRV53074,1.27
1503,PRV53075,1.0
1504,PRV53076,1.14
1505,PRV53077,1.16
1506,PRV53078,1.05
1507,PRV53079,1.0
1508,PRV53081,1.0
1509,PRV53083,1.0
1510,PRV53084,1.0
1511,PRV53085,1.0
1512,PRV53086,1.0
1513,PRV53087,1.07
1514,PRV53090,1.23
1515,PRV53091,1.0
1516,PRV53095,1.0
1517,PRV53096,1.16
1518,PRV53099,1.0
1519,PRV53100,1.16
1520,PRV53101,1.0
1521,PRV53102,1.06
1522,PRV53103,1.13
1523,PRV53104,1.1
1524,PRV53107,1.0
1525,PRV53108,1.12
1526,PRV53109,1.08
1527,PRV53110,1.0
1528,PRV53111,1.06
1529,PRV53113,1.14
1530,PRV53116,1.1
1531,PRV53117,1.39
1532,PRV53120,1.07
1533,PRV53122,1.09
1534,PRV53123,1.15
1535,PRV53124,1.12
1536,PRV53125,1.0
1537,PRV53126,1.03
1538,PRV53127,1.09
1539,PRV53128,1.03
1540,PRV53129,1.05
1541,PRV53131,1.0
1542,PRV53133,1.23
1543,PRV53134,1.0
1544,PRV53135,1.0
1545,PRV53137,1.0
1546,PRV53138,1.0
1547,PRV53139,1.0
1548,PRV53140,1.11
1549,PRV53141,1.21
1550,PRV53143,1.0
1551,PRV53144,1.0
1552,PRV53145,1.17
1553,PRV53147,1.0
1554,PRV53148,1.0
1555,PRV53149,1.03
1556,PRV53150,1.0
1557,PRV53151,1.0
1558,PRV53153,1.04
1559,PRV53154,1.08
1560,PRV53156,1.0
1561,PRV53157,1.0
1562,PRV53158,1.0
1563,PRV53159,1.04
1564,PRV53161,1.0
1565,PRV53162,1.0
1566,PRV53163,1.0
1567,PRV53164,1.0
1568,PRV53166,1.05
1569,PRV53167,1.0
1570,PRV53168,1.0
1571,PRV53169,1.0
1572,PRV53171,1.06
1573,PRV53172,1.0
1574,PRV53173,1.08
1575,PRV53174,1.0
1576,PRV53175,1.0
1577,PRV53176,1.06
1578,PRV53177,1.0
1579,PRV53178,1.0
1580,PRV53179,1.12
1581,PRV53180,1.0
1582,PRV53182,1.0
1583,PRV53183,1.0
1584,PRV53186,1.0
1585,PRV53187,1.0
1586,PRV53188,1.0
1587,PRV53189,1.0
1588,PRV53191,1.07
1589,PRV53192,1.2
1590,PRV53194,1.07
1591,PRV53196,1.0
1592,PRV53197,1.0
1593,PRV53198,1.0
1594,PRV53201,1.0
1595,PRV53202,1.0
1596,PRV53203,1.0
1597,PRV53204,1.0
1598,PRV53205,1.0
1599,PRV53206,1.0
1600,PRV53207,1.0
1601,PRV53210,1.07
1602,PRV53211,1.0
1603,PRV53212,1.0
1604,PRV53213,1.0
1605,PRV53214,1.0
1606,PRV53215,1.0
1607,PRV53216,1.15
1608,PRV53217,1.0
1609,PRV53218,1.0
1610,PRV53220,1.0
1611,PRV53221,1.0
1612,PRV53222,1.05
1613,PRV53223,1.0
1614,PRV53224,1.0
1615,PRV53225,1.04
1616,PRV53226,1.0
1617,PRV53227,1.12
1618,PRV53228,1.0
1619,PRV53229,1.24
1620,PRV53230,1.12
1621,PRV53232,1.05
1622,PRV53233,1.0
1623,PRV53235,1.0
1624,PRV53236,1.0
1625,PRV53237,1.0
1626,PRV53238,1.27
1627,PRV53239,1.14
1628,PRV53240,1.2
1629,PRV53243,1.19
1630,PRV53244,1.84
1631,PRV53246,1.17
1632,PRV53247,1.06
1633,PRV53248,1.1
1634,PRV53249,1.0
1635,PRV53251,1.29
1636,PRV53252,1.12
1637,PRV53253,1.18
1638,PRV53254,1.0
1639,PRV53255,1.08
1640,PRV53256,1.58
1641,PRV53257,1.04
1642,PRV53258,1.05
1643,PRV53259,1.29
1644,PRV53260,1.21
1645,PRV53261,1.32
1646,PRV53262,1.22
1647,PRV53268,1.17
1648,PRV53272,1.0
1649,PRV53274,1.11
1650,PRV53276,1.46
1651,PRV53279,1.06
1652,PRV53280,1.07
1653,PRV53281,1.02
1654,PRV53282,1.0
1655,PRV53283,1.14
1656,PRV53284,1.21
1657,PRV53288,1.05
1658,PRV53289,1.25
1659,PRV53290,1.0
1660,PRV53291,1.0
1661,PRV53292,1.02
1662,PRV53293,1.11
1663,PRV53294,2.01
1664,PRV53296,1.24
1665,PRV53298,1.09
1666,PRV53300,1.57
1667,PRV53301,1.08
1668,PRV53303,1.13
1669,PRV53304,1.08
1670,PRV53305,1.0
1671,PRV53306,1.13
1672,PRV53307,1.06
1673,PRV53308,1.07
1674,PRV53309,1.11
1675,PRV53310,1.0
1676,PRV53312,1.08
1677,PRV53313,1.05
1678,PRV53314,1.12
1679,PRV53315,1.0
1680,PRV53317,1.0
1681,PRV53318,1.05
1682,PRV53319,1.21
1683,PRV53320,1.09
1684,PRV53321,1.08
1685,PRV53323,1.0
1686,PRV53325,1.07
1687,PRV53326,1.12
1688,PRV53329,1.0
1689,PRV53331,1.0
1690,PRV53334,1.0
1691,PRV53335,1.58
1692,PRV53336,1.0
1693,PRV53337,1.0
1694,PRV53339,1.0
1695,PRV53340,1.0
1696,PRV53341,1.0
1697,PRV53342,1.07
1698,PRV53343,1.0
1699,PRV53344,1.0
1700,PRV53346,1.0
1701,PRV53347,1.0
1702,PRV53349,1.09
1703,PRV53350,1.0
1704,PRV53351,1.0
1705,PRV53352,1.42
1706,PRV53353,1.03
1707,PRV53354,1.0
1708,PRV53355,1.0
1709,PRV53356,1.0
1710,PRV53357,1.0
1711,PRV53358,1.0
1712,PRV53359,1.33
1713,PRV53360,1.05
1714,PRV53361,1.0
1715,PRV53362,1.03
1716,PRV53363,1.05
1717,PRV53364,1.04
1718,PRV53365,1.0
1719,PRV53369,1.0
1720,PRV53370,1.0
1721,PRV53371,1.02
1722,PRV53373,1.0
1723,PRV53374,1.59
1724,PRV53375,1.0
1725,PRV53376,1.1
1726,PRV53377,1.0
1727,PRV53378,1.0
1728,PRV53380,1.0
1729,PRV53381,1.03
1730,PRV53382,1.1
1731,PRV53383,1.0
1732,PRV53386,1.1
1733,PRV53387,1.02
1734,PRV53388,1.13
1735,PRV53389,1.0
1736,PRV53390,1.07
1737,PRV53391,1.05
1738,PRV53392,1.16
1739,PRV53393,1.0
1740,PRV53394,3.5
1741,PRV53396,1.18
1742,PRV53398,1.0
1743,PRV53402,1.0
1744,PRV53403,1.14
1745,PRV53405,1.34
1746,PRV53407,1.16
1747,PRV53408,1.02
1748,PRV53409,1.06
1749,PRV53411,1.2
1750,PRV53412,1.08
1751,PRV53413,1.11
1752,PRV53415,1.03
1753,PRV53416,1.1
1754,PRV53419,1.0
1755,PRV53423,1.04
1756,PRV53424,1.43
1757,PRV53426,1.0
1758,PRV53427,1.0
1759,PRV53428,1.0
1760,PRV53429,1.07
1761,PRV53431,1.05
1762,PRV53432,1.17
1763,PRV53433,1.0
1764,PRV53435,1.0
1765,PRV53436,1.0
1766,PRV53437,1.0
1767,PRV53438,1.09
1768,PRV53439,1.04
1769,PRV53440,1.23
1770,PRV53441,1.0
1771,PRV53442,1.15
1772,PRV53443,1.29
1773,PRV53444,1.04
1774,PRV53445,1.17
1775,PRV53446,1.12
1776,PRV53447,1.05
1777,PRV53448,1.1
1778,PRV53449,1.0
1779,PRV53450,1.02
1780,PRV53451,1.0
1781,PRV53452,1.15
1782,PRV53453,1.0
1783,PRV53454,1.0
1784,PRV53455,1.03
1785,PRV53456,1.07
1786,PRV53457,1.0
1787,PRV53460,1.0
1788,PRV53462,1.0
1789,PRV53463,1.1
1790,PRV53465,1.0
1791,PRV53467,1.0
1792,PRV53469,1.0
1793,PRV53470,1.1
1794,PRV53471,1.07
1795,PRV53472,1.0
1796,PRV53473,1.0
1797,PRV53474,1.0
1798,PRV53475,1.0
1799,PRV53476,1.0
1800,PRV53477,1.02
1801,PRV53478,1.2
1802,PRV53479,1.0
1803,PRV53480,1.0
1804,PRV53482,1.0
1805,PRV53483,1.06
1806,PRV53484,1.09
1807,PRV53485,1.0
1808,PRV53486,1.0
1809,PRV53487,1.08
1810,PRV53489,1.0
1811,PRV53490,1.2
1812,PRV53491,1.0
1813,PRV53492,1.0
1814,PRV53494,1.0
1815,PRV53495,1.06
1816,PRV53496,1.04
1817,PRV53498,1.0
1818,PRV53499,1.05
1819,PRV53501,1.0
1820,PRV53502,1.0
1821,PRV53503,1.0
1822,PRV53504,1.0
1823,PRV53506,1.0
1824,PRV53507,1.0
1825,PRV53509,1.0
1826,PRV53510,1.0
1827,PRV53511,1.0
1828,PRV53513,1.0
1829,PRV53515,1.0
1830,PRV53516,1.0
1831,PRV53517,1.0
1832,PRV53519,1.0
1833,PRV53520,1.0
1834,PRV53521,1.0
1835,PRV53522,1.04
1836,PRV53523,1.09
1837,PRV53524,1.06
1838,PRV53525,1.0
1839,PRV53526,1.07
1840,PRV53527,1.0
1841,PRV53530,1.04
1842,PRV53531,1.0
1843,PRV53532,1.0
1844,PRV53533,1.06
1845,PRV53534,1.15
1846,PRV53535,1.06
1847,PRV53536,1.07
1848,PRV53539,1.0
1849,PRV53540,1.08
1850,PRV53544,1.0
1851,PRV53545,1.0
1852,PRV53547,1.0
1853,PRV53548,1.0
1854,PRV53549,1.0
1855,PRV53550,1.0
1856,PRV53551,1.04
1857,PRV53553,1.0
1858,PRV53554,1.0
1859,PRV53555,1.1
1860,PRV53556,1.11
1861,PRV53558,1.05
1862,PRV53559,1.0
1863,PRV53560,1.05
1864,PRV53561,1.0
1865,PRV53562,1.0
1866,PRV53563,1.0
1867,PRV53564,1.0
1868,PRV53565,1.0
1869,PRV53566,1.0
1870,PRV53568,1.0
1871,PRV53569,1.0
1872,PRV53570,1.0
1873,PRV53571,1.0
1874,PRV53572,1.0
1875,PRV53573,1.03
1876,PRV53574,1.0
1877,PRV53577,1.0
1878,PRV53578,1.0
1879,PRV53581,1.0
1880,PRV53582,1.0
1881,PRV53584,1.0
1882,PRV53585,1.0
1883,PRV53586,1.0
1884,PRV53587,1.0
1885,PRV53588,1.0
1886,PRV53589,1.0
1887,PRV53590,1.0
1888,PRV53591,1.0
1889,PRV53593,1.0
1890,PRV53594,1.17
1891,PRV53595,1.0
1892,PRV53596,1.0
1893,PRV53597,1.0
1894,PRV53598,1.0
1895,PRV53599,1.0
1896,PRV53600,1.0
1897,PRV53601,1.0
1898,PRV53602,1.0
1899,PRV53604,1.0
1900,PRV53605,1.06
1901,PRV53606,1.09
1902,PRV53607,1.08
1903,PRV53608,1.24
1904,PRV53609,1.28
1905,PRV53611,1.06
1906,PRV53612,1.02
1907,PRV53613,1.19
1908,PRV53614,1.2
1909,PRV53616,1.07
1910,PRV53617,1.11
1911,PRV53618,1.38
1912,PRV53619,1.0
1913,PRV53620,1.13
1914,PRV53621,1.11
1915,PRV53622,1.0
1916,PRV53624,1.23
1917,PRV53625,1.25
1918,PRV53626,1.08
1919,PRV53627,1.16
1920,PRV53628,1.28
1921,PRV53629,1.0
1922,PRV53631,1.0
1923,PRV53632,1.0
1924,PRV53633,1.05
1925,PRV53634,1.88
1926,PRV53635,1.1
1927,PRV53638,1.16
1928,PRV53640,1.03
1929,PRV53641,1.0
1930,PRV53642,1.0
1931,PRV53643,1.0
1932,PRV53644,1.05
1933,PRV53645,1.0
1934,PRV53646,1.0
1935,PRV53647,1.0
1936,PRV53648,1.0
1937,PRV53649,1.0
1938,PRV53651,1.0
1939,PRV53652,1.0
1940,PRV53654,1.0
1941,PRV53655,1.0
1942,PRV53656,1.0
1943,PRV53657,1.09
1944,PRV53658,1.12
1945,PRV53659,1.0
1946,PRV53660,1.03
1947,PRV53661,1.0
1948,PRV53662,1.5
1949,PRV53663,1.19
1950,PRV53664,1.22
1951,PRV53665,1.12
1952,PRV53666,1.0
1953,PRV53667,1.0
1954,PRV53669,1.0
1955,PRV53672,1.8
1956,PRV53673,1.0
1957,PRV53674,1.75
1958,PRV53675,1.48
1959,PRV53676,1.74
1960,PRV53678,1.0
1961,PRV53679,2.45
1962,PRV53680,1.04
1963,PRV53681,1.03
1964,PRV53682,1.53
1965,PRV53683,1.0
1966,PRV53684,1.0
1967,PRV53685,1.15
1968,PRV53686,1.47
1969,PRV53688,1.0
1970,PRV53689,2.0
1971,PRV53690,1.0
1972,PRV53694,1.07
1973,PRV53695,1.12
1974,PRV53696,1.0
1975,PRV53697,1.18
1976,PRV53698,1.13
1977,PRV53699,1.57
1978,PRV53700,2.69
1979,PRV53701,1.0
1980,PRV53702,2.86
1981,PRV53703,1.15
1982,PRV53704,1.0
1983,PRV53705,1.06
1984,PRV53708,1.06
1985,PRV53709,1.15
1986,PRV53710,1.6
1987,PRV53713,1.03
1988,PRV53714,1.26
1989,PRV53715,1.0
1990,PRV53716,1.0
1991,PRV53717,1.07
1992,PRV53718,1.0
1993,PRV53719,1.0
1994,PRV53720,1.08
1995,PRV53721,1.0
1996,PRV53722,1.0
1997,PRV53723,1.0
1998,PRV53724,1.0
1999,PRV53725,1.0
2000,PRV53726,1.07
2001,PRV53727,1.0
2002,PRV53728,1.0
2003,PRV53729,1.0
2004,PRV53730,1.0
2005,PRV53731,1.0
2006,PRV53732,1.0
2007,PRV53733,1.05
2008,PRV53734,1.0
2009,PRV53735,1.0
2010,PRV53740,1.04
2011,PRV53741,1.0
2012,PRV53743,1.0
2013,PRV53745,1.05
2014,PRV53746,1.0
2015,PRV53750,3.5
2016,PRV53751,1.0
2017,PRV53752,1.06
2018,PRV53754,1.0
2019,PRV53755,1.11
2020,PRV53756,1.04
2021,PRV53757,1.14
2022,PRV53759,1.04
2023,PRV53761,1.03
2024,PRV53764,1.05
2025,PRV53765,1.03
2026,PRV53766,1.03
2027,PRV53767,1.06
2028,PRV53768,1.05
2029,PRV53770,1.39
2030,PRV53771,1.11
2031,PRV53772,1.05
2032,PRV53773,1.96
2033,PRV53774,1.34
2034,PRV53775,1.04
2035,PRV53779,1.0
2036,PRV53780,1.08
2037,PRV53782,1.1
2038,PRV53783,1.03
2039,PRV53784,1.02
2040,PRV53785,1.19
2041,PRV53788,1.06
2042,PRV53791,1.11
2043,PRV53793,1.07
2044,PRV53794,1.26
2045,PRV53796,1.0
2046,PRV53798,1.0
2047,PRV53799,2.47
2048,PRV53801,1.09
2049,PRV53802,1.13
2050,PRV53805,1.19
2051,PRV53806,1.35
2052,PRV53807,1.23
2053,PRV53812,1.0
2054,PRV53814,1.2
2055,PRV53815,1.0
2056,PRV53816,1.23
2057,PRV53817,1.11
2058,PRV53818,1.0
2059,PRV53819,1.04
2060,PRV53820,1.07
2061,PRV53821,1.0
2062,PRV53824,1.16
2063,PRV53827,1.0
2064,PRV53828,1.04
2065,PRV53829,1.07
2066,PRV53831,1.12
2067,PRV53832,1.0
2068,PRV53835,1.0
2069,PRV53836,1.04
2070,PRV53837,1.0
2071,PRV53838,1.28
2072,PRV53839,1.0
2073,PRV53840,1.0
2074,PRV53841,1.0
2075,PRV53842,1.17
2076,PRV53843,1.0
2077,PRV53844,1.06
2078,PRV53845,1.0
2079,PRV53846,1.0
2080,PRV53848,1.0
2081,PRV53849,1.05
2082,PRV53850,1.0
2083,PRV53851,1.02
2084,PRV53857,1.0
2085,PRV53859,1.14
2086,PRV53860,1.0
2087,PRV53861,1.0
2088,PRV53862,1.0
2089,PRV53864,1.0
2090,PRV53865,1.0
2091,PRV53867,1.08
2092,PRV53868,1.0
2093,PRV53871,3.44
2094,PRV53872,1.36
2095,PRV53873,1.12
2096,PRV53874,1.88
2097,PRV53875,1.05
2098,PRV53876,1.15
2099,PRV53877,1.0
2100,PRV53878,1.07
2101,PRV53879,1.0
2102,PRV53880,1.13
2103,PRV53885,1.0
2104,PRV53888,1.09
2105,PRV53889,1.27
2106,PRV53891,1.1
2107,PRV53892,1.11
2108,PRV53896,1.02
2109,PRV53899,1.0
2110,PRV53901,1.08
2111,PRV53905,1.07
2112,PRV53906,1.0
2113,PRV53907,1.21
2114,PRV53908,1.0
2115,PRV53909,1.35
2116,PRV53910,1.16
2117,PRV53912,1.06
2118,PRV53913,1.13
2119,PRV53915,1.87
2120,PRV53916,1.28
2121,PRV53917,1.29
2122,PRV53920,1.33
2123,PRV53921,2.39
2124,PRV53922,1.02
2125,PRV53924,1.0
2126,PRV53925,1.07
2127,PRV53926,1.0
2128,PRV53927,1.0
2129,PRV53928,1.02
2130,PRV53931,1.1
2131,PRV53932,1.49
2132,PRV53933,1.37
2133,PRV53934,1.14
2134,PRV53935,1.0
2135,PRV53939,1.49
2136,PRV53940,1.13
2137,PRV53941,1.08
2138,PRV53942,1.0
2139,PRV53943,1.24
2140,PRV53944,1.24
2141,PRV53945,1.04
2142,PRV53946,1.05
2143,PRV53947,1.0
2144,PRV53949,1.0
2145,PRV53950,1.39
2146,PRV53952,1.0
2147,PRV53956,1.89
2148,PRV53957,1.0
2149,PRV53958,2.24
2150,PRV53960,1.66
2151,PRV53963,1.08
2152,PRV53964,1.18
2153,PRV53965,1.11
2154,PRV53966,1.0
2155,PRV53967,1.0
2156,PRV53968,1.0
2157,PRV53969,1.22
2158,PRV53970,1.0
2159,PRV53971,1.16
2160,PRV53972,1.1
2161,PRV53973,1.27
2162,PRV53974,1.06
2163,PRV53975,1.04
2164,PRV53977,1.05
2165,PRV53978,1.0
2166,PRV53979,1.1
2167,PRV53980,1.05
2168,PRV53981,1.1
2169,PRV53982,1.0
2170,PRV53983,1.0
2171,PRV53986,1.0
2172,PRV53988,1.1
2173,PRV53989,1.0
2174,PRV53990,1.12
2175,PRV53991,1.03
2176,PRV53992,1.36
2177,PRV53993,1.31
2178,PRV53994,1.24
2179,PRV53995,1.0
2180,PRV53996,1.0
2181,PRV53997,1.25
2182,PRV53999,1.0
2183,PRV54000,1.26
2184,PRV54001,1.0
2185,PRV54002,1.0
2186,PRV54004,1.0
2187,PRV54005,1.0
2188,PRV54006,1.0
2189,PRV54007,1.0
2190,PRV54008,1.06
2191,PRV54009,1.0
2192,PRV54011,1.0
2193,PRV54012,1.0
2194,PRV54013,1.0
2195,PRV54014,1.0
2196,PRV54016,1.0
2197,PRV54017,1.08
2198,PRV54019,1.0
2199,PRV54020,1.0
2200,PRV54021,1.0
2201,PRV54023,1.0
2202,PRV54024,1.03
2203,PRV54025,1.0
2204,PRV54026,1.0
2205,PRV54027,1.0
2206,PRV54028,1.0
2207,PRV54029,1.0
2208,PRV54030,1.0
2209,PRV54031,1.0
2210,PRV54033,1.0
2211,PRV54034,1.0
2212,PRV54036,1.14
2213,PRV54037,1.0
2214,PRV54038,1.0
2215,PRV54039,1.0
2216,PRV54040,1.0
2217,PRV54041,1.07
2218,PRV54043,1.0
2219,PRV54044,1.2
2220,PRV54045,1.0
2221,PRV54046,1.0
2222,PRV54048,1.0
2223,PRV54049,1.18
2224,PRV54050,1.0
2225,PRV54051,1.0
2226,PRV54052,1.0
2227,PRV54053,1.0
2228,PRV54054,1.0
2229,PRV54055,1.04
2230,PRV54057,1.0
2231,PRV54058,1.09
2232,PRV54059,1.0
2233,PRV54060,1.0
2234,PRV54061,1.0
2235,PRV54062,1.0
2236,PRV54063,1.13
2237,PRV54064,1.23
2238,PRV54066,1.17
2239,PRV54068,1.0
2240,PRV54071,1.64
2241,PRV54072,1.0
2242,PRV54073,1.02
2243,PRV54076,1.04
2244,PRV54078,1.14
2245,PRV54080,1.95
2246,PRV54081,1.0
2247,PRV54082,1.0
2248,PRV54083,1.38
2249,PRV54084,1.09
2250,PRV54085,1.35
2251,PRV54086,1.05
2252,PRV54089,1.02
2253,PRV54090,1.2
2254,PRV54091,1.12
2255,PRV54092,1.83
2256,PRV54096,1.0
2257,PRV54099,1.39
2258,PRV54101,1.0
2259,PRV54102,1.0
2260,PRV54106,1.03
2261,PRV54107,1.24
2262,PRV54109,1.0
2263,PRV54110,1.0
2264,PRV54112,1.07
2265,PRV54113,1.0
2266,PRV54114,1.0
2267,PRV54115,1.0
2268,PRV54116,1.0
2269,PRV54117,1.0
2270,PRV54118,1.0
2271,PRV54119,1.0
2272,PRV54120,1.0
2273,PRV54121,1.07
2274,PRV54122,1.0
2275,PRV54123,1.0
2276,PRV54124,1.0
2277,PRV54125,1.0
2278,PRV54127,1.04
2279,PRV54128,1.08
2280,PRV54129,1.0
2281,PRV54130,1.12
2282,PRV54131,1.04
2283,PRV54132,1.25
2284,PRV54133,1.04
2285,PRV54134,1.05
2286,PRV54135,1.0
2287,PRV54136,1.07
2288,PRV54139,1.18
2289,PRV54140,1.0
2290,PRV54141,1.03
2291,PRV54142,1.0
2292,PRV54145,1.0
2293,PRV54146,1.0
2294,PRV54148,1.0
2295,PRV54150,1.09
2296,PRV54153,1.0
2297,PRV54154,1.0
2298,PRV54155,1.13
2299,PRV54156,1.21
2300,PRV54157,1.19
2301,PRV54158,1.0
2302,PRV54159,1.1
2303,PRV54160,1.0
2304,PRV54162,1.03
2305,PRV54163,1.11
2306,PRV54164,1.0
2307,PRV54166,1.0
2308,PRV54167,1.0
2309,PRV54168,1.1
2310,PRV54171,1.18
2311,PRV54172,1.0
2312,PRV54173,1.0
2313,PRV54175,1.0
2314,PRV54176,1.0
2315,PRV54177,1.0
2316,PRV54178,1.0
2317,PRV54179,1.0
2318,PRV54180,1.0
2319,PRV54181,1.0
2320,PRV54182,1.0
2321,PRV54183,1.0
2322,PRV54184,1.0
2323,PRV54185,1.0
2324,PRV54186,1.0
2325,PRV54187,1.0
2326,PRV54188,1.0
2327,PRV54191,1.0
2328,PRV54192,1.0
2329,PRV54193,1.0
2330,PRV54194,1.0
2331,PRV54196,1.0
2332,PRV54197,1.0
2333,PRV54198,1.0
2334,PRV54199,1.0
2335,PRV54200,1.0
2336,PRV54201,1.0
2337,PRV54202,1.0
2338,PRV54203,1.13
2339,PRV54204,1.0
2340,PRV54205,1.0
2341,PRV54206,1.07
2342,PRV54207,1.05
2343,PRV54208,1.04
2344,PRV54210,1.11
2345,PRV54212,1.1
2346,PRV54213,1.12
2347,PRV54215,1.0
2348,PRV54216,1.07
2349,PRV54217,1.11
2350,PRV54219,1.2
2351,PRV54220,1.0
2352,PRV54222,1.0
2353,PRV54223,1.09
2354,PRV54224,1.05
2355,PRV54226,1.0
2356,PRV54227,1.04
2357,PRV54228,1.59
2358,PRV54231,1.27
2359,PRV54232,1.02
2360,PRV54233,1.0
2361,PRV54235,1.0
2362,PRV54237,1.36
2363,PRV54238,1.57
2364,PRV54239,1.03
2365,PRV54240,1.07
2366,PRV54242,1.09
2367,PRV54244,1.36
2368,PRV54245,1.26
2369,PRV54246,1.08
2370,PRV54247,1.17
2371,PRV54250,1.13
2372,PRV54251,1.02
2373,PRV54252,1.0
2374,PRV54253,1.08
2375,PRV54254,1.2
2376,PRV54255,1.37
2377,PRV54256,1.38
2378,PRV54257,1.4
2379,PRV54259,1.12
2380,PRV54261,1.09
2381,PRV54262,1.0
2382,PRV54263,1.0
2383,PRV54265,1.68
2384,PRV54266,1.14
2385,PRV54267,1.35
2386,PRV54269,1.17
2387,PRV54270,1.06
2388,PRV54271,1.04
2389,PRV54273,1.31
2390,PRV54274,1.0
2391,PRV54275,1.0
2392,PRV54276,1.1
2393,PRV54278,1.2
2394,PRV54280,1.11
2395,PRV54282,1.06
2396,PRV54283,1.0
2397,PRV54284,1.07
2398,PRV54285,1.05
2399,PRV54287,1.22
2400,PRV54288,1.0
2401,PRV54289,1.04
2402,PRV54290,1.0
2403,PRV54291,1.0
2404,PRV54293,1.0
2405,PRV54294,1.0
2406,PRV54295,1.0
2407,PRV54296,1.04
2408,PRV54298,1.0
2409,PRV54299,1.0
2410,PRV54300,1.0
2411,PRV54301,1.0
2412,PRV54302,1.0
2413,PRV54303,1.0
2414,PRV54304,1.0
2415,PRV54305,1.0
2416,PRV54306,1.06
2417,PRV54307,1.0
2418,PRV54308,1.0
2419,PRV54309,1.04
2420,PRV54310,1.0
2421,PRV54311,1.0
2422,PRV54312,1.0
2423,PRV54313,1.0
2424,PRV54315,1.12
2425,PRV54316,1.0
2426,PRV54317,1.0
2427,PRV54319,1.0
2428,PRV54320,1.17
2429,PRV54324,1.03
2430,PRV54325,1.0
2431,PRV54326,1.0
2432,PRV54328,1.12
2433,PRV54330,1.75
2434,PRV54332,2.94
2435,PRV54334,1.15
2436,PRV54335,1.35
2437,PRV54337,1.22
2438,PRV54339,1.18
2439,PRV54340,1.17
2440,PRV54341,1.08
2441,PRV54342,1.0
2442,PRV54343,1.06
2443,PRV54344,1.09
2444,PRV54345,1.25
2445,PRV54347,1.0
2446,PRV54348,1.29
2447,PRV54349,1.1
2448,PRV54352,1.0
2449,PRV54353,1.03
2450,PRV54355,1.0
2451,PRV54356,1.03
2452,PRV54357,1.0
2453,PRV54358,1.05
2454,PRV54360,1.0
2455,PRV54362,1.02
2456,PRV54363,1.12
2457,PRV54365,1.17
2458,PRV54368,1.17
2459,PRV54370,1.32
2460,PRV54371,1.03
2461,PRV54373,1.0
2462,PRV54374,2.56
2463,PRV54375,1.12
2464,PRV54377,1.0
2465,PRV54378,1.07
2466,PRV54379,1.1
2467,PRV54380,1.0
2468,PRV54381,1.21
2469,PRV54383,1.0
2470,PRV54384,1.04
2471,PRV54387,1.71
2472,PRV54389,1.12
2473,PRV54390,1.19
2474,PRV54392,1.03
2475,PRV54393,1.06
2476,PRV54396,1.1
2477,PRV54400,1.17
2478,PRV54401,1.0
2479,PRV54402,1.1
2480,PRV54403,1.0
2481,PRV54404,1.39
2482,PRV54407,1.0
2483,PRV54408,1.13
2484,PRV54409,1.0
2485,PRV54410,1.06
2486,PRV54411,1.0
2487,PRV54412,1.08
2488,PRV54413,1.05
2489,PRV54414,1.11
2490,PRV54415,1.04
2491,PRV54416,1.0
2492,PRV54419,1.08
2493,PRV54420,1.0
2494,PRV54421,1.1
2495,PRV54422,1.0
2496,PRV54423,1.12
2497,PRV54424,1.0
2498,PRV54425,1.12
2499,PRV54426,1.0
2500,PRV54427,1.05
2501,PRV54429,1.08
2502,PRV54430,1.16
2503,PRV54431,1.0
2504,PRV54432,1.0
2505,PRV54433,1.0
2506,PRV54434,1.05
2507,PRV54435,1.0
2508,PRV54436,1.0
2509,PRV54437,1.0
2510,PRV54438,1.45
2511,PRV54439,1.0
2512,PRV54441,1.0
2513,PRV54442,1.1
2514,PRV54443,1.09
2515,PRV54444,1.08
2516,PRV54448,1.0
2517,PRV54449,1.0
2518,PRV54450,1.0
2519,PRV54451,1.0
2520,PRV54452,1.0
2521,PRV54454,1.24
2522,PRV54455,1.0
2523,PRV54456,1.0
2524,PRV54457,1.0
2525,PRV54459,1.0
2526,PRV54460,1.0
2527,PRV54461,1.0
2528,PRV54462,1.11
2529,PRV54463,1.0
2530,PRV54465,1.0
2531,PRV54466,1.0
2532,PRV54467,1.0
2533,PRV54468,1.0
2534,PRV54469,1.0
2535,PRV54471,1.0
2536,PRV54472,1.0
2537,PRV54473,1.0
2538,PRV54475,1.21
2539,PRV54477,1.08
2540,PRV54478,1.12
2541,PRV54479,1.06
2542,PRV54480,1.0
2543,PRV54481,1.0
2544,PRV54482,1.2
2545,PRV54483,1.08
2546,PRV54486,1.12
2547,PRV54489,1.0
2548,PRV54490,1.0
2549,PRV54491,1.08
2550,PRV54496,1.0
2551,PRV54497,1.0
2552,PRV54498,1.0
2553,PRV54499,1.0
2554,PRV54500,1.0
2555,PRV54501,1.0
2556,PRV54502,1.0
2557,PRV54503,1.0
2558,PRV54506,1.15
2559,PRV54507,1.14
2560,PRV54508,1.1
2561,PRV54509,1.0
2562,PRV54510,1.26
2563,PRV54511,1.1
2564,PRV54515,1.06
2565,PRV54517,1.02
2566,PRV54519,1.0
2567,PRV54520,1.0
2568,PRV54521,1.08
2569,PRV54522,1.0
2570,PRV54523,1.0
2571,PRV54524,1.0
2572,PRV54526,1.05
2573,PRV54528,1.0
2574,PRV54529,1.0
2575,PRV54530,1.08
2576,PRV54531,1.0
2577,PRV54535,1.0
2578,PRV54536,1.08
2579,PRV54537,1.07
2580,PRV54538,1.07
2581,PRV54539,1.11
2582,PRV54541,1.0
2583,PRV54542,1.0
2584,PRV54544,1.04
2585,PRV54545,1.0
2586,PRV54546,1.0
2587,PRV54547,1.0
2588,PRV54548,1.0
2589,PRV54549,1.0
2590,PRV54550,1.0
2591,PRV54551,1.0
2592,PRV54552,1.07
2593,PRV54553,1.0
2594,PRV54554,1.0
2595,PRV54555,1.0
2596,PRV54558,1.06
2597,PRV54559,1.12
2598,PRV54561,1.31
2599,PRV54562,1.28
2600,PRV54563,1.39
2601,PRV54564,2.45
2602,PRV54565,1.24
2603,PRV54567,1.02
2604,PRV54568,1.08
2605,PRV54569,1.03
2606,PRV54571,1.13
2607,PRV54572,1.22
2608,PRV54573,1.0
2609,PRV54574,1.0
2610,PRV54575,1.41
2611,PRV54576,1.0
2612,PRV54577,1.07
2613,PRV54578,1.08
2614,PRV54579,1.0
2615,PRV54580,1.03
2616,PRV54581,1.0
2617,PRV54582,1.09
2618,PRV54585,1.12
2619,PRV54587,1.0
2620,PRV54588,1.03
2621,PRV54589,1.0
2622,PRV54590,1.02
2623,PRV54591,1.02
2624,PRV54593,1.0
2625,PRV54595,1.0
2626,PRV54596,1.1
2627,PRV54597,1.0
2628,PRV54598,1.12
2629,PRV54599,1.0
2630,PRV54601,1.0
2631,PRV54602,1.0
2632,PRV54603,1.02
2633,PRV54604,1.12
2634,PRV54606,1.0
2635,PRV54608,1.03
2636,PRV54609,1.07
2637,PRV54610,1.1
2638,PRV54611,1.0
2639,PRV54612,1.0
2640,PRV54614,1.07
2641,PRV54615,1.0
2642,PRV54616,1.0
2643,PRV54618,1.1
2644,PRV54619,1.03
2645,PRV54620,1.0
2646,PRV54621,1.0
2647,PRV54622,1.0
2648,PRV54623,1.08
2649,PRV54624,1.0
2650,PRV54625,1.0
2651,PRV54627,1.0
2652,PRV54628,1.0
2653,PRV54629,1.0
2654,PRV54630,1.16
2655,PRV54633,1.0
2656,PRV54634,1.07
2657,PRV54635,1.03
2658,PRV54636,1.1
2659,PRV54637,1.0
2660,PRV54638,1.0
2661,PRV54639,1.0
2662,PRV54640,1.0
2663,PRV54642,1.0
2664,PRV54643,1.0
2665,PRV54645,1.0
2666,PRV54646,1.05
2667,PRV54652,1.09
2668,PRV54653,1.09
2669,PRV54656,1.06
2670,PRV54657,1.1
2671,PRV54658,1.12
2672,PRV54660,1.04
2673,PRV54661,1.0
2674,PRV54662,1.07
2675,PRV54664,1.0
2676,PRV54666,1.0
2677,PRV54667,1.3
2678,PRV54668,1.46
2679,PRV54670,1.23
2680,PRV54671,1.0
2681,PRV54672,1.0
2682,PRV54673,1.0
2683,PRV54674,1.0
2684,PRV54677,1.08
2685,PRV54678,1.0
2686,PRV54679,1.0
2687,PRV54681,1.48
2688,PRV54682,1.25
2689,PRV54683,1.72
2690,PRV54684,1.18
2691,PRV54685,1.17
2692,PRV54686,1.23
2693,PRV54687,1.06
2694,PRV54689,1.0
2695,PRV54690,2.49
2696,PRV54691,1.08
2697,PRV54693,1.06
2698,PRV54694,1.47
2699,PRV54695,1.04
2700,PRV54696,1.15
2701,PRV54697,1.0
2702,PRV54699,1.0
2703,PRV54701,1.0
2704,PRV54703,1.0
2705,PRV54704,1.25
2706,PRV54705,1.37
2707,PRV54707,1.0
2708,PRV54708,1.0
2709,PRV54710,1.0
2710,PRV54711,1.0
2711,PRV54712,1.0
2712,PRV54713,1.0
2713,PRV54714,1.0
2714,PRV54715,1.06
2715,PRV54716,1.32
2716,PRV54717,1.0
2717,PRV54720,1.0
2718,PRV54723,1.18
2719,PRV54724,1.06
2720,PRV54725,1.21
2721,PRV54726,1.03
2722,PRV54727,1.09
2723,PRV54728,1.0
2724,PRV54730,1.05
2725,PRV54734,1.25
2726,PRV54735,1.06
2727,PRV54737,1.13
2728,PRV54741,1.26
2729,PRV54745,2.56
2730,PRV54747,1.05
2731,PRV54748,1.1
2732,PRV54753,1.0
2733,PRV54756,1.06
2734,PRV54757,1.1
2735,PRV54758,1.12
2736,PRV54759,1.02
2737,PRV54760,1.03
2738,PRV54761,2.48
2739,PRV54763,1.0
2740,PRV54764,1.11
2741,PRV54767,1.05
2742,PRV54768,1.07
2743,PRV54773,1.06
2744,PRV54774,1.88
2745,PRV54776,1.09
2746,PRV54779,1.03
2747,PRV54780,1.05
2748,PRV54783,1.0
2749,PRV54784,1.12
2750,PRV54785,1.0
2751,PRV54787,1.08
2752,PRV54789,1.0
2753,PRV54790,1.14
2754,PRV54792,1.05
2755,PRV54793,1.0
2756,PRV54794,1.0
2757,PRV54795,1.05
2758,PRV54796,1.0
2759,PRV54798,1.0
2760,PRV54799,1.0
2761,PRV54800,1.0
2762,PRV54802,1.0
2763,PRV54803,1.0
2764,PRV54805,1.0
2765,PRV54806,1.09
2766,PRV54809,1.17
2767,PRV54810,1.0
2768,PRV54812,1.0
2769,PRV54813,3.1
2770,PRV54814,1.14
2771,PRV54817,1.0
2772,PRV54818,1.0
2773,PRV54819,1.14
2774,PRV54820,1.0
2775,PRV54821,1.0
2776,PRV54824,1.0
2777,PRV54827,1.0
2778,PRV54829,1.04
2779,PRV54830,1.0
2780,PRV54831,1.06
2781,PRV54833,1.16
2782,PRV54834,1.0
2783,PRV54836,1.0
2784,PRV54838,1.07
2785,PRV54840,1.04
2786,PRV54841,1.0
2787,PRV54842,1.18
2788,PRV54846,1.08
2789,PRV54847,1.49
2790,PRV54848,1.08
2791,PRV54849,1.0
2792,PRV54852,1.26
2793,PRV54854,1.21
2794,PRV54855,1.3
2795,PRV54856,1.0
2796,PRV54859,1.04
2797,PRV54860,1.0
2798,PRV54861,1.02
2799,PRV54862,1.0
2800,PRV54863,1.0
2801,PRV54864,1.0
2802,PRV54865,1.0
2803,PRV54866,1.0
2804,PRV54867,1.0
2805,PRV54868,1.08
2806,PRV54869,1.0
2807,PRV54870,1.0
2808,PRV54871,1.0
2809,PRV54873,1.0
2810,PRV54877,1.17
2811,PRV54878,1.0
2812,PRV54881,1.11
2813,PRV54883,1.0
2814,PRV54885,1.5
2815,PRV54886,1.12
2816,PRV54887,1.14
2817,PRV54888,1.66
2818,PRV54889,1.06
2819,PRV54890,1.1
2820,PRV54891,1.06
2821,PRV54892,1.09
2822,PRV54893,1.0
2823,PRV54898,1.0
2824,PRV54900,1.0
2825,PRV54901,1.09
2826,PRV54902,1.0
2827,PRV54903,1.0
2828,PRV54904,1.06
2829,PRV54905,1.24
2830,PRV54906,1.0
2831,PRV54907,1.21
2832,PRV54908,1.17
2833,PRV54909,1.0
2834,PRV54910,1.35
2835,PRV54911,1.15
2836,PRV54914,1.65
2837,PRV54916,1.18
2838,PRV54917,1.09
2839,PRV54919,1.32
2840,PRV54923,1.1
2841,PRV54924,1.33
2842,PRV54926,1.09
2843,PRV54927,1.21
2844,PRV54930,1.36
2845,PRV54932,1.07
2846,PRV54934,1.11
2847,PRV54935,1.17
2848,PRV54937,1.12
2849,PRV54938,1.12
2850,PRV54941,1.0
2851,PRV54943,1.0
2852,PRV54944,1.19
2853,PRV54945,1.03
2854,PRV54946,1.17
2855,PRV54947,1.13
2856,PRV54949,1.62
2857,PRV54953,1.19
2858,PRV54954,1.09
2859,PRV54959,1.12
2860,PRV54960,1.28
2861,PRV54963,1.06
2862,PRV54965,1.19
2863,PRV54967,1.09
2864,PRV54968,1.09
2865,PRV54970,1.33
2866,PRV54971,1.71
2867,PRV54972,1.09
2868,PRV54973,1.08
2869,PRV54975,1.2
2870,PRV54976,1.04
2871,PRV54977,1.08
2872,PRV54978,1.35
2873,PRV54981,1.17
2874,PRV54982,1.09
2875,PRV54983,1.18
2876,PRV54985,1.32
2877,PRV54988,1.05
2878,PRV54990,1.0
2879,PRV54991,1.14
2880,PRV54992,1.06
2881,PRV54993,1.06
2882,PRV54995,1.0
2883,PRV54997,1.03
2884,PRV54999,1.0
2885,PRV55000,2.34
2886,PRV55001,1.19
2887,PRV55002,1.1
2888,PRV55003,1.1
2889,PRV55005,1.15
2890,PRV55006,1.0
2891,PRV55007,1.0
2892,PRV55011,1.06
2893,PRV55012,1.06
2894,PRV55013,1.06
2895,PRV55016,1.19
2896,PRV55023,1.1
2897,PRV55024,1.02
2898,PRV55026,1.39
2899,PRV55028,1.35
2900,PRV55029,1.34
2901,PRV55031,1.1
2902,PRV55032,1.06
2903,PRV55035,1.0
2904,PRV55036,1.16
2905,PRV55037,2.08
2906,PRV55038,1.0
2907,PRV55040,1.0
2908,PRV55041,1.0
2909,PRV55042,1.13
2910,PRV55043,1.18
2911,PRV55044,1.0
2912,PRV55045,1.16
2913,PRV55050,1.25
2914,PRV55051,1.0
2915,PRV55052,1.0
2916,PRV55053,1.08
2917,PRV55054,1.08
2918,PRV55056,1.18
2919,PRV55058,1.32
2920,PRV55059,1.15
2921,PRV55061,1.09
2922,PRV55062,1.0
2923,PRV55063,1.11
2924,PRV55064,2.01
2925,PRV55067,1.0
2926,PRV55068,1.0
2927,PRV55069,1.05
2928,PRV55070,1.0
2929,PRV55071,1.11
2930,PRV55072,1.07
2931,PRV55073,1.0
2932,PRV55074,1.0
2933,PRV55076,1.0
2934,PRV55077,1.0
2935,PRV55078,1.0
2936,PRV55079,1.04
2937,PRV55080,1.0
2938,PRV55081,1.11
2939,PRV55083,1.32
2940,PRV55085,1.0
2941,PRV55086,1.11
2942,PRV55087,1.29
2943,PRV55088,1.11
2944,PRV55089,1.0
2945,PRV55091,1.06
2946,PRV55092,1.0
2947,PRV55093,1.0
2948,PRV55094,1.06
2949,PRV55095,1.0
2950,PRV55096,1.12
2951,PRV55097,1.0
2952,PRV55098,1.04
2953,PRV55099,1.15
2954,PRV55103,1.16
2955,PRV55104,1.06
2956,PRV55106,1.0
2957,PRV55108,1.32
2958,PRV55110,1.05
2959,PRV55111,1.04
2960,PRV55112,1.03
2961,PRV55114,1.18
2962,PRV55116,1.44
2963,PRV55117,1.0
2964,PRV55118,1.0
2965,PRV55120,1.0
2966,PRV55121,1.05
2967,PRV55122,1.0
2968,PRV55123,1.0
2969,PRV55124,1.0
2970,PRV55126,1.0
2971,PRV55128,1.0
2972,PRV55129,1.0
2973,PRV55130,1.0
2974,PRV55131,1.0
2975,PRV55132,1.11
2976,PRV55133,1.0
2977,PRV55134,1.0
2978,PRV55135,1.0
2979,PRV55136,1.0
2980,PRV55137,1.0
2981,PRV55138,1.0
2982,PRV55140,1.0
2983,PRV55141,1.0
2984,PRV55143,1.0
2985,PRV55144,1.0
2986,PRV55145,1.0
2987,PRV55146,1.0
2988,PRV55148,1.0
2989,PRV55149,1.0
2990,PRV55150,1.0
2991,PRV55151,1.0
2992,PRV55152,1.0
2993,PRV55154,1.0
2994,PRV55155,1.0
2995,PRV55156,1.0
2996,PRV55157,1.0
2997,PRV55158,2.27
2998,PRV55160,1.0
2999,PRV55161,1.0
3000,PRV55164,1.26
3001,PRV55166,1.12
3002,PRV55167,1.12
3003,PRV55168,1.2
3004,PRV55169,2.33
3005,PRV55173,1.09
3006,PRV55175,1.41
3007,PRV55176,1.0
3008,PRV55177,1.54
3009,PRV55178,1.07
3010,PRV55179,1.09
3011,PRV55180,1.28
3012,PRV55181,1.71
3013,PRV55182,1.11
3014,PRV55183,1.15
3015,PRV55184,1.12
3016,PRV55185,1.35
3017,PRV55187,1.14
3018,PRV55188,1.33
3019,PRV55189,1.25
3020,PRV55191,1.1
3021,PRV55192,1.38
3022,PRV55196,1.28
3023,PRV55197,1.07
3024,PRV55198,1.06
3025,PRV55200,1.13
3026,PRV55202,1.0
3027,PRV55203,1.04
3028,PRV55205,1.31
3029,PRV55206,1.14
3030,PRV55207,1.22
3031,PRV55208,1.1
3032,PRV55210,1.24
3033,PRV55211,1.14
3034,PRV55213,1.16
3035,PRV55214,1.27
3036,PRV55216,1.13
3037,PRV55218,1.15
3038,PRV55219,1.17
3039,PRV55220,1.19
3040,PRV55224,1.05
3041,PRV55226,1.42
3042,PRV55227,1.0
3043,PRV55229,1.4
3044,PRV55231,1.16
3045,PRV55232,1.08
3046,PRV55233,1.24
3047,PRV55234,1.25
3048,PRV55235,1.22
3049,PRV55236,1.12
3050,PRV55237,1.16
3051,PRV55238,1.15
3052,PRV55239,1.26
3053,PRV55240,1.2
3054,PRV55242,1.1
3055,PRV55243,1.39
3056,PRV55244,1.0
3057,PRV55246,1.35
3058,PRV55247,1.56
3059,PRV55248,1.16
3060,PRV55252,1.0
3061,PRV55254,1.07
3062,PRV55255,1.0
3063,PRV55256,1.0
3064,PRV55257,1.18
3065,PRV55258,1.11
3066,PRV55259,1.14
3067,PRV55260,1.04
3068,PRV55261,1.03
3069,PRV55262,1.68
3070,PRV55263,1.51
3071,PRV55264,1.87
3072,PRV55265,1.31
3073,PRV55267,1.2
3074,PRV55268,1.09
3075,PRV55269,1.26
3076,PRV55270,1.33
3077,PRV55271,1.0
3078,PRV55272,1.27
3079,PRV55273,1.0
3080,PRV55274,1.13
3081,PRV55275,1.02
3082,PRV55276,1.05
3083,PRV55277,1.0
3084,PRV55278,1.12
3085,PRV55279,1.14
3086,PRV55281,1.28
3087,PRV55283,1.09
3088,PRV55285,1.0
3089,PRV55286,1.0
3090,PRV55289,1.0
3091,PRV55291,1.0
3092,PRV55292,1.0
3093,PRV55293,1.03
3094,PRV55295,1.11
3095,PRV55296,1.08
3096,PRV55297,1.11
3097,PRV55298,1.12
3098,PRV55299,1.0
3099,PRV55300,1.07
3100,PRV55302,1.0
3101,PRV55304,1.37
3102,PRV55305,1.0
3103,PRV55306,1.07
3104,PRV55307,1.18
3105,PRV55309,1.06
3106,PRV55312,1.14
3107,PRV55313,1.27
3108,PRV55314,1.16
3109,PRV55316,1.07
3110,PRV55318,1.09
3111,PRV55319,1.0
3112,PRV55320,1.0
3113,PRV55322,1.0
3114,PRV55323,1.17
3115,PRV55324,1.0
3116,PRV55325,1.05
3117,PRV55326,1.05
3118,PRV55329,1.0
3119,PRV55330,1.0
3120,PRV55331,1.0
3121,PRV55333,1.06
3122,PRV55335,1.04
3123,PRV55337,1.18
3124,PRV55338,1.05
3125,PRV55339,1.03
3126,PRV55340,1.09
3127,PRV55341,1.0
3128,PRV55342,1.0
3129,PRV55343,1.17
3130,PRV55344,1.08
3131,PRV55345,1.0
3132,PRV55348,1.0
3133,PRV55350,1.03
3134,PRV55351,1.0
3135,PRV55352,1.05
3136,PRV55353,1.0
3137,PRV55354,1.18
3138,PRV55355,1.0
3139,PRV55356,1.0
3140,PRV55357,1.24
3141,PRV55358,1.03
3142,PRV55359,1.15
3143,PRV55360,1.06
3144,PRV55361,1.05
3145,PRV55362,1.24
3146,PRV55363,1.05
3147,PRV55364,1.0
3148,PRV55365,1.0
3149,PRV55366,1.13
3150,PRV55368,1.08
3151,PRV55371,1.0
3152,PRV55372,1.0
3153,PRV55376,1.1
3154,PRV55377,1.0
3155,PRV55378,1.0
3156,PRV55379,1.0
3157,PRV55381,1.07
3158,PRV55382,1.0
3159,PRV55383,1.0
3160,PRV55384,1.0
3161,PRV55385,1.0
3162,PRV55386,1.11
3163,PRV55387,1.0
3164,PRV55388,1.89
3165,PRV55390,1.0
3166,PRV55392,1.33
3167,PRV55395,1.0
3168,PRV55396,1.09
3169,PRV55397,1.0
3170,PRV55398,1.0
3171,PRV55399,1.0
3172,PRV55400,1.0
3173,PRV55401,1.07
3174,PRV55402,1.05
3175,PRV55404,1.09
3176,PRV55405,1.11
3177,PRV55408,1.0
3178,PRV55409,1.0
3179,PRV55410,1.14
3180,PRV55411,1.03
3181,PRV55412,1.0
3182,PRV55413,1.0
3183,PRV55414,1.0
3184,PRV55416,1.03
3185,PRV55417,1.0
3186,PRV55418,1.0
3187,PRV55419,1.0
3188,PRV55423,1.0
3189,PRV55424,1.0
3190,PRV55425,1.08
3191,PRV55426,1.12
3192,PRV55427,1.0
3193,PRV55428,1.0
3194,PRV55431,1.0
3195,PRV55432,1.07
3196,PRV55434,1.05
3197,PRV55436,1.0
3198,PRV55438,1.39
3199,PRV55439,1.39
3200,PRV55441,1.03
3201,PRV55442,1.13
3202,PRV55443,1.09
3203,PRV55445,1.15
3204,PRV55446,1.1
3205,PRV55447,1.12
3206,PRV55448,1.08
3207,PRV55449,1.0
3208,PRV55450,1.33
3209,PRV55451,1.1
3210,PRV55452,1.11
3211,PRV55454,1.6
3212,PRV55455,1.66
3213,PRV55456,1.0
3214,PRV55458,1.06
3215,PRV55459,1.54
3216,PRV55460,1.06
3217,PRV55463,1.41
3218,PRV55464,1.0
3219,PRV55465,1.51
3220,PRV55468,1.0
3221,PRV55469,1.11
3222,PRV55470,1.76
3223,PRV55471,1.0
3224,PRV55473,1.0
3225,PRV55474,1.1
3226,PRV55475,1.0
3227,PRV55477,1.02
3228,PRV55479,2.19
3229,PRV55480,1.08
3230,PRV55481,1.16
3231,PRV55486,1.0
3232,PRV55487,1.08
3233,PRV55489,1.54
3234,PRV55490,1.04
3235,PRV55491,1.57
3236,PRV55493,1.03
3237,PRV55494,1.0
3238,PRV55497,1.0
3239,PRV55498,1.0
3240,PRV55499,1.03
3241,PRV55500,1.06
3242,PRV55501,1.0
3243,PRV55503,1.97
3244,PRV55505,1.8
3245,PRV55507,1.07
3246,PRV55508,1.0
3247,PRV55510,2.59
3248,PRV55511,1.0
3249,PRV55512,1.21
3250,PRV55513,1.09
3251,PRV55515,1.79
3252,PRV55516,1.22
3253,PRV55518,1.37
3254,PRV55520,1.42
3255,PRV55521,2.04
3256,PRV55522,1.34
3257,PRV55523,1.47
3258,PRV55525,2.84
3259,PRV55527,1.0
3260,PRV55528,1.0
3261,PRV55530,1.11
3262,PRV55534,1.27
3263,PRV55535,1.11
3264,PRV55536,1.36
3265,PRV55537,1.0
3266,PRV55538,1.0
3267,PRV55539,1.0
3268,PRV55540,1.0
3269,PRV55541,1.17
3270,PRV55543,1.23
3271,PRV55547,1.04
3272,PRV55548,1.91
3273,PRV55549,1.12
3274,PRV55551,1.2
3275,PRV55552,3.37
3276,PRV55554,1.1
3277,PRV55555,1.04
3278,PRV55556,1.35
3279,PRV55557,1.13
3280,PRV55558,1.03
3281,PRV55560,1.05
3282,PRV55561,1.0
3283,PRV55562,1.0
3284,PRV55563,1.0
3285,PRV55564,1.0
3286,PRV55565,1.0
3287,PRV55566,1.02
3288,PRV55567,1.11
3289,PRV55569,1.0
3290,PRV55570,1.0
3291,PRV55571,1.11
3292,PRV55572,1.0
3293,PRV55573,1.0
3294,PRV55574,1.0
3295,PRV55575,1.0
3296,PRV55576,1.07
3297,PRV55577,1.0
3298,PRV55578,1.0
3299,PRV55579,1.24
3300,PRV55580,1.1
3301,PRV55581,1.0
3302,PRV55582,1.14
3303,PRV55583,1.0
3304,PRV55584,1.0
3305,PRV55585,1.09
3306,PRV55586,1.0
3307,PRV55587,1.0
3308,PRV55588,1.0
3309,PRV55589,1.05
3310,PRV55590,1.0
3311,PRV55591,1.0
3312,PRV55592,1.17
3313,PRV55593,1.2
3314,PRV55595,1.0
3315,PRV55596,1.0
3316,PRV55598,1.26
3317,PRV55599,1.0
3318,PRV55600,1.0
3319,PRV55601,1.0
3320,PRV55602,1.0
3321,PRV55603,1.0
3322,PRV55604,1.06
3323,PRV55606,1.0
3324,PRV55607,1.0
3325,PRV55608,1.0
3326,PRV55609,1.0
3327,PRV55610,1.0
3328,PRV55612,1.0
3329,PRV55613,1.0
3330,PRV55614,1.14
3331,PRV55615,1.0
3332,PRV55617,1.0
3333,PRV55618,1.0
3334,PRV55619,1.0
3335,PRV55620,1.0
3336,PRV55621,1.09
3337,PRV55622,1.0
3338,PRV55623,1.0
3339,PRV55624,1.0
3340,PRV55625,1.05
3341,PRV55626,1.0
3342,PRV55627,1.09
3343,PRV55631,1.0
3344,PRV55632,1.0
3345,PRV55633,1.58
3346,PRV55634,1.0
3347,PRV55635,1.05
3348,PRV55637,1.0
3349,PRV55638,1.0
3350,PRV55639,1.0
3351,PRV55640,1.14
3352,PRV55641,1.0
3353,PRV55642,1.0
3354,PRV55644,1.04
3355,PRV55646,1.0
3356,PRV55648,1.0
3357,PRV55649,1.0
3358,PRV55650,1.0
3359,PRV55652,1.08
3360,PRV55653,1.04
3361,PRV55654,1.9
3362,PRV55655,1.0
3363,PRV55656,1.03
3364,PRV55657,1.0
3365,PRV55658,1.0
3366,PRV55660,1.0
3367,PRV55661,1.0
3368,PRV55662,1.04
3369,PRV55663,1.0
3370,PRV55664,1.05
3371,PRV55665,1.0
3372,PRV55666,1.0
3373,PRV55668,1.0
3374,PRV55671,1.0
3375,PRV55674,1.0
3376,PRV55675,1.06
3377,PRV55677,1.15
3378,PRV55678,1.0
3379,PRV55679,1.37
3380,PRV55680,1.26
3381,PRV55682,1.1
3382,PRV55683,1.0
3383,PRV55684,1.0
3384,PRV55687,1.12
3385,PRV55688,1.04
3386,PRV55690,1.12
3387,PRV55691,1.0
3388,PRV55692,1.25
3389,PRV55695,1.06
3390,PRV55697,1.04
3391,PRV55699,1.0
3392,PRV55700,1.07
3393,PRV55701,1.29
3394,PRV55702,1.0
3395,PRV55703,1.04
3396,PRV55704,1.12
3397,PRV55705,1.36
3398,PRV55706,1.0
3399,PRV55707,1.03
3400,PRV55709,1.02
3401,PRV55710,1.03
3402,PRV55711,1.0
3403,PRV55712,1.08
3404,PRV55714,1.05
3405,PRV55716,1.0
3406,PRV55717,1.07
3407,PRV55719,1.1
3408,PRV55720,1.0
3409,PRV55721,1.0
3410,PRV55723,1.0
3411,PRV55724,1.07
3412,PRV55726,1.03
3413,PRV55727,1.08
3414,PRV55728,1.0
3415,PRV55729,1.18
3416,PRV55731,1.13
3417,PRV55732,1.16
3418,PRV55733,1.12
3419,PRV55734,1.5
3420,PRV55735,1.12
3421,PRV55736,1.31
3422,PRV55737,1.49
3423,PRV55739,1.16
3424,PRV55740,1.05
3425,PRV55741,1.0
3426,PRV55742,1.19
3427,PRV55743,1.08
3428,PRV55744,1.0
3429,PRV55745,1.12
3430,PRV55748,1.0
3431,PRV55749,1.0
3432,PRV55750,1.0
3433,PRV55751,1.0
3434,PRV55752,1.98
3435,PRV55753,1.08
3436,PRV55754,1.16
3437,PRV55755,1.09
3438,PRV55759,1.0
3439,PRV55760,1.0
3440,PRV55761,1.0
3441,PRV55762,1.0
3442,PRV55763,1.0
3443,PRV55764,1.04
3444,PRV55765,1.05
3445,PRV55766,1.0
3446,PRV55767,1.0
3447,PRV55768,1.08
3448,PRV55769,1.0
3449,PRV55770,1.06
3450,PRV55771,1.07
3451,PRV55772,1.0
3452,PRV55774,1.0
3453,PRV55775,1.0
3454,PRV55776,1.0
3455,PRV55777,1.06
3456,PRV55778,1.0
3457,PRV55779,1.0
3458,PRV55780,1.0
3459,PRV55782,1.0
3460,PRV55783,1.17
3461,PRV55785,1.0
3462,PRV55786,1.0
3463,PRV55787,1.0
3464,PRV55788,1.06
3465,PRV55789,1.05
3466,PRV55790,1.0
3467,PRV55791,1.0
3468,PRV55792,1.0
3469,PRV55793,1.0
3470,PRV55794,1.0
3471,PRV55795,1.0
3472,PRV55796,1.0
3473,PRV55797,1.0
3474,PRV55798,1.0
3475,PRV55800,1.0
3476,PRV55801,1.0
3477,PRV55802,1.0
3478,PRV55803,1.0
3479,PRV55804,1.0
3480,PRV55805,1.0
3481,PRV55806,1.07
3482,PRV55807,1.06
3483,PRV55808,1.1
3484,PRV55809,1.0
3485,PRV55810,1.0
3486,PRV55811,1.0
3487,PRV55813,1.0
3488,PRV55814,1.0
3489,PRV55815,1.0
3490,PRV55816,1.0
3491,PRV55817,1.04
3492,PRV55818,1.0
3493,PRV55819,1.31
3494,PRV55820,1.81
3495,PRV55822,1.65
3496,PRV55826,1.0
3497,PRV55828,1.04
3498,PRV55830,1.0
3499,PRV55831,2.45
3500,PRV55832,1.42
3501,PRV55833,1.18
3502,PRV55834,1.74
3503,PRV55836,1.17
3504,PRV55837,1.02
3505,PRV55839,1.22
3506,PRV55843,1.25
3507,PRV55846,1.12
3508,PRV55847,1.28
3509,PRV55848,1.0
3510,PRV55850,1.31
3511,PRV55851,1.07
3512,PRV55854,1.0
3513,PRV55855,1.2
3514,PRV55856,1.08
3515,PRV55858,1.0
3516,PRV55859,1.0
3517,PRV55862,1.0
3518,PRV55863,1.25
3519,PRV55864,1.09
3520,PRV55865,1.53
3521,PRV55866,1.12
3522,PRV55867,1.1
3523,PRV55868,1.13
3524,PRV55869,1.56
3525,PRV55870,1.1
3526,PRV55871,1.0
3527,PRV55872,1.24
3528,PRV55873,1.08
3529,PRV55874,1.0
3530,PRV55875,1.04
3531,PRV55876,1.0
3532,PRV55877,1.0
3533,PRV55879,1.0
3534,PRV55880,1.0
3535,PRV55881,1.0
3536,PRV55882,1.1
3537,PRV55883,1.0
3538,PRV55884,1.04
3539,PRV55885,1.0
3540,PRV55886,1.0
3541,PRV55887,1.0
3542,PRV55891,1.06
3543,PRV55892,1.77
3544,PRV55898,1.04
3545,PRV55900,1.0
3546,PRV55901,1.19
3547,PRV55902,1.08
3548,PRV55903,1.06
3549,PRV55904,1.08
3550,PRV55906,1.05
3551,PRV55907,1.29
3552,PRV55908,1.12
3553,PRV55909,1.15
3554,PRV55910,1.53
3555,PRV55915,1.03
3556,PRV55916,1.15
3557,PRV55917,1.06
3558,PRV55918,1.0
3559,PRV55919,1.0
3560,PRV55920,1.16
3561,PRV55921,1.02
3562,PRV55925,1.05
3563,PRV55926,1.08
3564,PRV55927,1.35
3565,PRV55928,1.09
3566,PRV55929,1.54
3567,PRV55930,1.02
3568,PRV55931,1.51
3569,PRV55933,1.87
3570,PRV55935,1.95
3571,PRV55936,1.0
3572,PRV55937,1.65
3573,PRV55938,1.12
3574,PRV55939,1.02
3575,PRV55940,1.03
3576,PRV55941,1.04
3577,PRV55942,1.09
3578,PRV55943,2.34
3579,PRV55944,1.04
3580,PRV55945,1.0
3581,PRV55946,1.09
3582,PRV55948,1.04
3583,PRV55950,1.0
3584,PRV55953,1.0
3585,PRV55955,1.34
3586,PRV55956,1.0
3587,PRV55958,1.03
3588,PRV55963,1.09
3589,PRV55964,1.06
3590,PRV55965,1.03
3591,PRV55966,1.0
3592,PRV55968,1.23
3593,PRV55969,2.18
3594,PRV55970,1.05
3595,PRV55972,1.12
3596,PRV55974,1.24
3597,PRV55978,1.63
3598,PRV55980,1.0
3599,PRV55981,1.02
3600,PRV55982,1.0
3601,PRV55983,1.05
3602,PRV55984,1.62
3603,PRV55985,1.05
3604,PRV55986,1.29
3605,PRV55989,1.0
3606,PRV55990,1.34
3607,PRV55991,1.1
3608,PRV55993,1.07
3609,PRV55995,1.02
3610,PRV55997,1.5
3611,PRV55999,1.47
3612,PRV56001,1.06
3613,PRV56002,1.03
3614,PRV56003,1.0
3615,PRV56004,1.0
3616,PRV56005,1.12
3617,PRV56006,3.11
3618,PRV56010,1.08
3619,PRV56013,1.17
3620,PRV56014,1.06
3621,PRV56015,1.18
3622,PRV56016,1.0
3623,PRV56017,1.0
3624,PRV56018,1.22
3625,PRV56019,2.14
3626,PRV56020,1.14
3627,PRV56021,1.21
3628,PRV56025,1.21
3629,PRV56026,1.07
3630,PRV56027,1.09
3631,PRV56028,1.27
3632,PRV56029,1.0
3633,PRV56030,1.24
3634,PRV56031,1.0
3635,PRV56032,1.0
3636,PRV56033,1.0
3637,PRV56034,1.0
3638,PRV56036,1.0
3639,PRV56037,1.0
3640,PRV56038,1.0
3641,PRV56039,1.15
3642,PRV56040,1.0
3643,PRV56041,1.15
3644,PRV56044,1.41
3645,PRV56045,1.15
3646,PRV56046,1.0
3647,PRV56047,1.0
3648,PRV56048,1.0
3649,PRV56049,1.2
3650,PRV56050,1.0
3651,PRV56051,1.0
3652,PRV56052,1.0
3653,PRV56054,1.1
3654,PRV56055,1.12
3655,PRV56056,1.0
3656,PRV56057,1.0
3657,PRV56058,1.0
3658,PRV56060,1.0
3659,PRV56062,1.0
3660,PRV56063,1.22
3661,PRV56065,1.0
3662,PRV56066,1.0
3663,PRV56067,1.0
3664,PRV56068,1.11
3665,PRV56071,1.0
3666,PRV56072,1.0
3667,PRV56073,1.0
3668,PRV56075,1.0
3669,PRV56076,1.0
3670,PRV56077,1.0
3671,PRV56078,1.0
3672,PRV56080,1.0
3673,PRV56083,1.0
3674,PRV56084,1.0
3675,PRV56086,1.0
3676,PRV56087,1.0
3677,PRV56088,1.06
3678,PRV56089,1.0
3679,PRV56090,1.0
3680,PRV56091,1.0
3681,PRV56092,1.0
3682,PRV56093,1.0
3683,PRV56094,1.0
3684,PRV56095,1.0
3685,PRV56098,1.17
3686,PRV56099,1.0
3687,PRV56101,1.0
3688,PRV56102,1.03
3689,PRV56105,1.03
3690,PRV56106,1.0
3691,PRV56108,1.0
3692,PRV56109,1.0
3693,PRV56111,1.11
3694,PRV56113,1.1
3695,PRV56114,1.05
3696,PRV56115,1.0
3697,PRV56116,1.09
3698,PRV56117,1.08
3699,PRV56118,1.0
3700,PRV56119,1.1
3701,PRV56120,1.0
3702,PRV56121,1.0
3703,PRV56122,1.0
3704,PRV56123,1.0
3705,PRV56124,1.0
3706,PRV56125,1.0
3707,PRV56126,1.0
3708,PRV56129,1.0
3709,PRV56130,1.0
3710,PRV56131,1.0
3711,PRV56133,1.07
3712,PRV56135,1.05
3713,PRV56136,1.0
3714,PRV56137,1.04
3715,PRV56138,1.03
3716,PRV56139,1.05
3717,PRV56140,1.03
3718,PRV56141,1.05
3719,PRV56142,1.15
3720,PRV56143,1.12
3721,PRV56145,1.04
3722,PRV56146,1.0
3723,PRV56147,1.0
3724,PRV56148,1.24
3725,PRV56149,1.0
3726,PRV56151,1.06
3727,PRV56152,1.0
3728,PRV56153,1.0
3729,PRV56154,1.0
3730,PRV56156,1.11
3731,PRV56157,1.12
3732,PRV56158,1.0
3733,PRV56159,1.07
3734,PRV56163,1.0
3735,PRV56164,1.04
3736,PRV56165,1.0
3737,PRV56166,1.0
3738,PRV56168,1.0
3739,PRV56169,1.0
3740,PRV56170,1.0
3741,PRV56171,1.0
3742,PRV56172,1.0
3743,PRV56173,1.05
3744,PRV56174,1.0
3745,PRV56176,1.0
3746,PRV56177,1.0
3747,PRV56179,1.0
3748,PRV56181,1.0
3749,PRV56182,1.06
3750,PRV56183,1.0
3751,PRV56184,1.0
3752,PRV56185,1.0
3753,PRV56186,1.0
3754,PRV56187,1.0
3755,PRV56189,1.0
3756,PRV56190,1.0
3757,PRV56191,1.03
3758,PRV56193,1.17
3759,PRV56194,1.0
3760,PRV56196,1.0
3761,PRV56198,1.0
3762,PRV56199,1.0
3763,PRV56200,1.0
3764,PRV56201,1.0
3765,PRV56202,1.0
3766,PRV56206,1.03
3767,PRV56207,1.16
3768,PRV56208,1.08
3769,PRV56209,1.27
3770,PRV56210,1.18
3771,PRV56211,1.19
3772,PRV56212,1.13
3773,PRV56213,2.14
3774,PRV56214,1.0
3775,PRV56216,1.76
3776,PRV56217,1.1
3777,PRV56218,1.1
3778,PRV56219,1.41
3779,PRV56220,1.0
3780,PRV56221,1.47
3781,PRV56222,1.23
3782,PRV56224,1.19
3783,PRV56227,1.0
3784,PRV56228,1.42
3785,PRV56229,1.08
3786,PRV56232,1.03
3787,PRV56233,1.15
3788,PRV56234,1.08
3789,PRV56235,1.28
3790,PRV56236,1.0
3791,PRV56237,1.29
3792,PRV56238,1.07
3793,PRV56239,1.19
3794,PRV56241,1.22
3795,PRV56242,1.14
3796,PRV56243,2.69
3797,PRV56245,1.09
3798,PRV56247,1.08
3799,PRV56248,2.76
3800,PRV56251,1.03
3801,PRV56252,1.0
3802,PRV56255,1.17
3803,PRV56256,1.08
3804,PRV56258,1.08
3805,PRV56260,1.04
3806,PRV56261,1.01
3807,PRV56262,1.0
3808,PRV56263,1.06
3809,PRV56264,1.02
3810,PRV56265,1.16
3811,PRV56266,1.15
3812,PRV56267,1.0
3813,PRV56269,1.0
3814,PRV56270,3.02
3815,PRV56271,1.15
3816,PRV56272,1.0
3817,PRV56274,1.0
3818,PRV56275,1.08
3819,PRV56276,1.0
3820,PRV56277,1.0
3821,PRV56278,1.08
3822,PRV56279,1.04
3823,PRV56280,1.08
3824,PRV56281,1.08
3825,PRV56282,1.0
3826,PRV56283,1.0
3827,PRV56284,1.05
3828,PRV56285,1.0
3829,PRV56286,1.0
3830,PRV56287,1.14
3831,PRV56288,1.0
3832,PRV56289,1.0
3833,PRV56290,1.1
3834,PRV56291,1.06
3835,PRV56293,1.0
3836,PRV56295,1.0
3837,PRV56297,1.04
3838,PRV56299,1.0
3839,PRV56300,1.0
3840,PRV56301,1.0
3841,PRV56302,1.0
3842,PRV56303,1.0
3843,PRV56304,1.0
3844,PRV56305,1.04
3845,PRV56306,1.0
3846,PRV56307,1.0
3847,PRV56308,1.0
3848,PRV56309,1.0
3849,PRV56310,1.0
3850,PRV56311,1.0
3851,PRV56313,1.0
3852,PRV56314,1.0
3853,PRV56316,1.0
3854,PRV56317,1.0
3855,PRV56318,1.0
3856,PRV56319,1.0
3857,PRV56321,1.0
3858,PRV56322,1.0
3859,PRV56324,1.0
3860,PRV56328,1.0
3861,PRV56329,1.0
3862,PRV56330,1.0
3863,PRV56331,1.0
3864,PRV56333,1.08
3865,PRV56334,1.0
3866,PRV56335,1.06
3867,PRV56336,1.0
3868,PRV56337,1.0
3869,PRV56338,1.0
3870,PRV56339,1.0
3871,PRV56340,1.0
3872,PRV56341,1.0
3873,PRV56342,1.0
3874,PRV56344,1.0
3875,PRV56345,2.05
3876,PRV56346,1.0
3877,PRV56347,1.0
3878,PRV56348,1.05
3879,PRV56349,1.09
3880,PRV56351,1.16
3881,PRV56352,1.0
3882,PRV56353,1.14
3883,PRV56354,1.0
3884,PRV56355,1.14
3885,PRV56357,1.0
3886,PRV56358,1.0
3887,PRV56360,1.1
3888,PRV56362,1.07
3889,PRV56363,1.0
3890,PRV56364,1.11
3891,PRV56366,1.0
3892,PRV56367,1.1
3893,PRV56368,1.06
3894,PRV56369,1.0
3895,PRV56370,1.0
3896,PRV56373,1.0
3897,PRV56374,1.0
3898,PRV56375,1.1
3899,PRV56376,1.0
3900,PRV56377,1.0
3901,PRV56378,1.03
3902,PRV56379,1.04
3903,PRV56380,1.05
3904,PRV56381,1.0
3905,PRV56384,1.17
3906,PRV56385,1.0
3907,PRV56387,1.0
3908,PRV56388,1.0
3909,PRV56389,1.0
3910,PRV56390,1.0
3911,PRV56391,1.0
3912,PRV56393,1.0
3913,PRV56394,1.0
3914,PRV56395,1.0
3915,PRV56397,1.02
3916,PRV56398,1.0
3917,PRV56401,1.2
3918,PRV56404,1.67
3919,PRV56405,1.09
3920,PRV56406,1.23
3921,PRV56407,1.03
3922,PRV56408,1.1
3923,PRV56410,1.54
3924,PRV56411,1.09
3925,PRV56412,1.15
3926,PRV56413,1.0
3927,PRV56414,1.0
3928,PRV56415,1.05
3929,PRV56417,1.18
3930,PRV56418,1.0
3931,PRV56423,1.0
3932,PRV56426,1.74
3933,PRV56427,1.0
3934,PRV56430,1.0
3935,PRV56432,1.0
3936,PRV56433,1.15
3937,PRV56439,1.72
3938,PRV56440,1.11
3939,PRV56441,1.09
3940,PRV56445,1.04
3941,PRV56448,2.06
3942,PRV56449,1.31
3943,PRV56451,1.31
3944,PRV56452,1.16
3945,PRV56453,1.15
3946,PRV56454,1.29
3947,PRV56455,1.08
3948,PRV56456,1.02
3949,PRV56458,1.04
3950,PRV56461,1.19
3951,PRV56463,1.0
3952,PRV56464,1.08
3953,PRV56466,1.02
3954,PRV56467,1.57
3955,PRV56468,1.13
3956,PRV56469,1.15
3957,PRV56470,1.03
3958,PRV56471,1.05
3959,PRV56473,1.04
3960,PRV56474,1.11
3961,PRV56475,1.06
3962,PRV56476,1.0
3963,PRV56477,1.0
3964,PRV56478,1.25
3965,PRV56479,1.24
3966,PRV56480,1.0
3967,PRV56482,1.04
3968,PRV56483,1.0
3969,PRV56484,1.0
3970,PRV56485,1.07
3971,PRV56486,1.15
3972,PRV56487,1.0
3973,PRV56489,1.0
3974,PRV56490,1.0
3975,PRV56494,1.9
3976,PRV56495,1.03
3977,PRV56496,1.17
3978,PRV56497,1.03
3979,PRV56498,1.0
3980,PRV56500,1.25
3981,PRV56502,1.0
3982,PRV56504,1.06
3983,PRV56507,1.11
3984,PRV56508,1.28
3985,PRV56509,1.12
3986,PRV56510,1.0
3987,PRV56511,1.05
3988,PRV56512,1.08
3989,PRV56514,1.0
3990,PRV56515,1.0
3991,PRV56517,1.22
3992,PRV56518,1.0
3993,PRV56519,1.0
3994,PRV56521,1.07
3995,PRV56522,1.0
3996,PRV56524,1.0
3997,PRV56525,1.05
3998,PRV56526,1.1
3999,PRV56527,1.1
4000,PRV56528,1.17
4001,PRV56529,1.03
4002,PRV56530,1.0
4003,PRV56531,1.0
4004,PRV56533,1.07
4005,PRV56535,1.06
4006,PRV56536,1.07
4007,PRV56537,1.25
4008,PRV56538,1.05
4009,PRV56539,1.0
4010,PRV56540,1.0
4011,PRV56543,1.0
4012,PRV56544,1.05
4013,PRV56545,1.0
4014,PRV56546,1.0
4015,PRV56547,1.0
4016,PRV56548,1.0
4017,PRV56549,1.0
4018,PRV56551,1.0
4019,PRV56552,1.04
4020,PRV56553,1.12
4021,PRV56554,1.07
4022,PRV56555,1.06
4023,PRV56556,2.64
4024,PRV56557,1.14
4025,PRV56559,3.16
4026,PRV56562,1.09
4027,PRV56563,1.03
4028,PRV56568,1.18
4029,PRV56570,1.03
4030,PRV56571,1.0
4031,PRV56572,1.0
4032,PRV56574,1.07
4033,PRV56576,1.44
4034,PRV56577,1.38
4035,PRV56578,1.09
4036,PRV56579,1.08
4037,PRV56580,1.23
4038,PRV56581,1.0
4039,PRV56582,1.0
4040,PRV56583,1.0
4041,PRV56584,1.06
4042,PRV56585,1.0
4043,PRV56586,1.0
4044,PRV56589,1.09
4045,PRV56590,1.03
4046,PRV56593,1.05
4047,PRV56594,1.04
4048,PRV56595,1.12
4049,PRV56596,1.0
4050,PRV56597,1.24
4051,PRV56598,1.44
4052,PRV56601,1.03
4053,PRV56602,1.19
4054,PRV56603,1.0
4055,PRV56604,1.04
4056,PRV56606,1.08
4057,PRV56607,1.09
4058,PRV56610,1.03
4059,PRV56611,1.14
4060,PRV56613,1.45
4061,PRV56614,1.04
4062,PRV56615,1.23
4063,PRV56618,1.17
4064,PRV56621,1.1
4065,PRV56622,1.0
4066,PRV56625,1.06
4067,PRV56626,1.18
4068,PRV56628,1.12
4069,PRV56632,1.09
4070,PRV56633,1.0
4071,PRV56634,1.31
4072,PRV56635,1.0
4073,PRV56637,1.2
4074,PRV56638,1.08
4075,PRV56639,1.13
4076,PRV56640,1.0
4077,PRV56641,1.0
4078,PRV56642,1.21
4079,PRV56643,1.09
4080,PRV56645,1.02
4081,PRV56648,1.14
4082,PRV56651,1.09
4083,PRV56653,1.14
4084,PRV56654,1.07
4085,PRV56655,1.34
4086,PRV56656,1.08
4087,PRV56657,1.11
4088,PRV56658,1.17
4089,PRV56659,1.21
4090,PRV56660,1.0
4091,PRV56662,1.0
4092,PRV56663,1.38
4093,PRV56664,1.0
4094,PRV56667,1.03
4095,PRV56671,1.13
4096,PRV56672,1.21
4097,PRV56673,1.0
4098,PRV56674,1.1
4099,PRV56675,1.45
4100,PRV56677,1.0
4101,PRV56679,1.09
4102,PRV56680,1.06
4103,PRV56681,1.0
4104,PRV56682,1.06
4105,PRV56683,1.2
4106,PRV56684,1.08
4107,PRV56686,1.0
4108,PRV56687,1.0
4109,PRV56688,1.03
4110,PRV56691,1.0
4111,PRV56693,1.72
4112,PRV56694,1.0
4113,PRV56696,1.03
4114,PRV56697,1.08
4115,PRV56699,1.0
4116,PRV56700,1.0
4117,PRV56701,1.0
4118,PRV56702,1.34
4119,PRV56703,1.09
4120,PRV56705,1.0
4121,PRV56707,1.06
4122,PRV56708,1.0
4123,PRV56710,1.1
4124,PRV56712,1.33
4125,PRV56713,1.23
4126,PRV56715,1.0
4127,PRV56716,1.17
4128,PRV56717,1.0
4129,PRV56718,1.25
4130,PRV56720,1.0
4131,PRV56721,1.41
4132,PRV56722,1.0
4133,PRV56723,1.0
4134,PRV56724,1.08
4135,PRV56725,1.5
4136,PRV56726,1.0
4137,PRV56728,1.05
4138,PRV56729,1.34
4139,PRV56733,1.32
4140,PRV56734,1.16
4141,PRV56735,1.72
4142,PRV56738,1.89
4143,PRV56739,1.0
4144,PRV56740,1.02
4145,PRV56741,1.0
4146,PRV56742,1.09
4147,PRV56743,1.69
4148,PRV56745,1.2
4149,PRV56746,1.1
4150,PRV56747,1.0
4151,PRV56749,1.04
4152,PRV56750,1.0
4153,PRV56751,1.08
4154,PRV56752,1.0
4155,PRV56753,1.04
4156,PRV56754,1.12
4157,PRV56755,1.0
4158,PRV56758,1.86
4159,PRV56759,1.0
4160,PRV56760,2.09
4161,PRV56761,1.14
4162,PRV56762,1.11
4163,PRV56763,1.0
4164,PRV56764,1.28
4165,PRV56765,1.05
4166,PRV56766,1.12
4167,PRV56767,1.29
4168,PRV56768,1.0
4169,PRV56769,1.05
4170,PRV56771,1.0
4171,PRV56772,1.08
4172,PRV56773,1.1
4173,PRV56774,1.0
4174,PRV56775,1.0
4175,PRV56777,1.05
4176,PRV56778,1.09
4177,PRV56780,1.0
4178,PRV56782,1.49
4179,PRV56783,1.13
4180,PRV56784,1.06
4181,PRV56788,1.26
4182,PRV56789,1.12
4183,PRV56790,1.14
4184,PRV56791,1.34
4185,PRV56792,1.0
4186,PRV56793,1.03
4187,PRV56796,1.18
4188,PRV56797,1.0
4189,PRV56798,1.0
4190,PRV56800,1.08
4191,PRV56801,1.04
4192,PRV56802,1.0
4193,PRV56803,2.45
4194,PRV56805,1.0
4195,PRV56807,1.11
4196,PRV56809,1.02
4197,PRV56810,1.0
4198,PRV56811,1.11
4199,PRV56813,1.2
4200,PRV56816,1.0
4201,PRV56818,1.05
4202,PRV56819,1.0
4203,PRV56820,1.0
4204,PRV56821,1.0
4205,PRV56823,1.0
4206,PRV56824,1.23
4207,PRV56826,1.0
4208,PRV56828,1.3
4209,PRV56829,1.28
4210,PRV56830,1.0
4211,PRV56831,1.0
4212,PRV56832,1.0
4213,PRV56833,1.0
4214,PRV56834,1.0
4215,PRV56835,1.18
4216,PRV56836,1.0
4217,PRV56837,1.0
4218,PRV56839,1.09
4219,PRV56840,1.06
4220,PRV56843,1.0
4221,PRV56845,1.12
4222,PRV56846,1.05
4223,PRV56850,1.0
4224,PRV56851,1.05
4225,PRV56852,1.05
4226,PRV56853,1.0
4227,PRV56854,1.0
4228,PRV56855,1.0
4229,PRV56856,1.18
4230,PRV56857,1.1
4231,PRV56858,1.03
4232,PRV56860,1.0
4233,PRV56861,1.07
4234,PRV56862,1.0
4235,PRV56863,1.06
4236,PRV56864,1.0
4237,PRV56866,1.1
4238,PRV56867,1.0
4239,PRV56868,1.06
4240,PRV56869,1.0
4241,PRV56870,1.0
4242,PRV56871,1.0
4243,PRV56873,1.0
4244,PRV56878,1.04
4245,PRV56879,1.17
4246,PRV56880,1.0
4247,PRV56881,1.1
4248,PRV56882,1.05
4249,PRV56884,1.0
4250,PRV56885,1.0
4251,PRV56886,1.0
4252,PRV56887,1.09
4253,PRV56888,1.11
4254,PRV56889,1.06
4255,PRV56890,1.0
4256,PRV56891,1.0
4257,PRV56892,1.0
4258,PRV56893,1.0
4259,PRV56894,1.0
4260,PRV56895,1.0
4261,PRV56896,1.0
4262,PRV56897,1.0
4263,PRV56900,1.0
4264,PRV56901,1.16
4265,PRV56902,1.0
4266,PRV56903,1.0
4267,PRV56904,1.33
4268,PRV56905,1.15
4269,PRV56906,1.0
4270,PRV56907,1.07
4271,PRV56908,1.0
4272,PRV56909,1.0
4273,PRV56910,1.0
4274,PRV56912,1.0
4275,PRV56914,1.0
4276,PRV56915,1.0
4277,PRV56916,1.0
4278,PRV56917,1.0
4279,PRV56919,1.0
4280,PRV56920,1.0
4281,PRV56923,1.02
4282,PRV56926,1.0
4283,PRV56928,1.03
4284,PRV56929,1.1
4285,PRV56930,1.09
4286,PRV56931,1.0
4287,PRV56932,1.0
4288,PRV56933,1.09
4289,PRV56934,1.0
4290,PRV56935,1.04
4291,PRV56937,1.0
4292,PRV56938,1.0
4293,PRV56939,1.07
4294,PRV56941,1.0
4295,PRV56942,1.0
4296,PRV56944,1.0
4297,PRV56945,1.1
4298,PRV56946,1.0
4299,PRV56947,1.0
4300,PRV56948,1.0
4301,PRV56949,1.13
4302,PRV56950,1.0
4303,PRV56951,1.0
4304,PRV56953,1.05
4305,PRV56954,1.0
4306,PRV56956,1.0
4307,PRV56957,1.15
4308,PRV56958,1.08
4309,PRV56960,1.0
4310,PRV56963,1.0
4311,PRV56964,1.0
4312,PRV56965,1.0
4313,PRV56966,1.0
4314,PRV56967,1.17
4315,PRV56969,1.0
4316,PRV56970,1.0
4317,PRV56971,1.0
4318,PRV56972,1.07
4319,PRV56973,1.0
4320,PRV56974,1.0
4321,PRV56976,1.0
4322,PRV56977,1.0
4323,PRV56978,1.18
4324,PRV56980,1.0
4325,PRV56981,1.0
4326,PRV56982,1.0
4327,PRV56984,1.0
4328,PRV56985,1.0
4329,PRV56986,1.0
4330,PRV56987,1.0
4331,PRV56988,1.0
4332,PRV56989,1.0
4333,PRV56990,1.08
4334,PRV56991,1.0
4335,PRV56992,1.0
4336,PRV56993,1.04
4337,PRV56995,1.0
4338,PRV56996,1.0
4339,PRV56997,1.0
4340,PRV56998,1.0
4341,PRV56999,1.0
4342,PRV57000,1.07
4343,PRV57002,1.06
4344,PRV57004,1.21
4345,PRV57005,1.0
4346,PRV57006,1.19
4347,PRV57010,1.19
4348,PRV57011,1.0
4349,PRV57013,1.0
4350,PRV57014,1.1
4351,PRV57015,1.02
4352,PRV57016,1.0
4353,PRV57020,1.2
4354,PRV57023,1.0
4355,PRV57024,1.0
4356,PRV57031,1.2
4357,PRV57033,1.13
4358,PRV57034,1.1
4359,PRV57036,1.0
4360,PRV57038,1.06
4361,PRV57039,1.0
4362,PRV57041,1.04
4363,PRV57043,1.0
4364,PRV57046,1.2
4365,PRV57047,1.0
4366,PRV57048,1.0
4367,PRV57051,1.0
4368,PRV57052,1.0
4369,PRV57053,1.0
4370,PRV57054,1.04
4371,PRV57056,1.0
4372,PRV57057,1.0
4373,PRV57058,1.04
4374,PRV57059,1.0
4375,PRV57061,1.0
4376,PRV57062,1.05
4377,PRV57063,1.0
4378,PRV57067,1.06
4379,PRV57069,1.0
4380,PRV57072,1.0
4381,PRV57073,1.0
4382,PRV57074,1.0
4383,PRV57075,1.0
4384,PRV57076,1.0
4385,PRV57077,1.0
4386,PRV57078,1.11
4387,PRV57080,1.0
4388,PRV57081,1.06
4389,PRV57082,1.0
4390,PRV57084,1.0
4391,PRV57085,1.0
4392,PRV57086,1.0
4393,PRV57087,1.0
4394,PRV57088,1.0
4395,PRV57089,1.0
4396,PRV57091,1.0
4397,PRV57092,1.0
4398,PRV57093,1.0
4399,PRV57094,1.0
4400,PRV57097,1.0
4401,PRV57098,1.07
4402,PRV57099,1.0
4403,PRV57100,1.04
4404,PRV57101,1.39
4405,PRV57102,1.0
4406,PRV57105,1.0
4407,PRV57107,1.0
4408,PRV57108,1.04
4409,PRV57109,1.13
4410,PRV57110,1.0
4411,PRV57112,1.26
4412,PRV57113,1.0
4413,PRV57115,1.0
4414,PRV57116,1.0
4415,PRV57118,1.0
4416,PRV57119,1.0
4417,PRV57120,1.02
4418,PRV57121,1.0
4419,PRV57122,1.08
4420,PRV57124,1.09
4421,PRV57125,1.66
4422,PRV57126,1.02
4423,PRV57127,1.1
4424,PRV57128,1.07
4425,PRV57129,1.39
4426,PRV57130,1.0
4427,PRV57131,1.0
4428,PRV57132,1.0
4429,PRV57133,1.0
4430,PRV57134,1.0
4431,PRV57136,1.05
4432,PRV57137,1.0
4433,PRV57138,1.0
4434,PRV57139,1.14
4435,PRV57140,1.0
4436,PRV57141,1.0
4437,PRV57142,1.0
4438,PRV57143,1.0
4439,PRV57144,1.0
4440,PRV57145,1.0
4441,PRV57146,1.0
4442,PRV57147,1.0
4443,PRV57148,1.14
4444,PRV57149,1.19
4445,PRV57150,1.23
4446,PRV57151,1.84
4447,PRV57152,1.65
4448,PRV57153,1.12
4449,PRV57154,1.16
4450,PRV57156,1.4
4451,PRV57157,1.16
4452,PRV57159,1.3
4453,PRV57160,1.11
4454,PRV57161,1.0
4455,PRV57165,1.03
4456,PRV57168,1.07
4457,PRV57169,1.11
4458,PRV57171,1.32
4459,PRV57174,1.06
4460,PRV57175,1.13
4461,PRV57176,1.18
4462,PRV57181,1.23
4463,PRV57182,1.12
4464,PRV57183,1.16
4465,PRV57184,1.19
4466,PRV57186,1.14
4467,PRV57187,1.14
4468,PRV57188,1.0
4469,PRV57190,1.11
4470,PRV57192,1.7
4471,PRV57193,1.67
4472,PRV57194,1.0
4473,PRV57196,1.06
4474,PRV57197,1.08
4475,PRV57198,1.06
4476,PRV57199,1.0
4477,PRV57200,1.04
4478,PRV57202,1.24
4479,PRV57203,1.07
4480,PRV57205,1.16
4481,PRV57207,1.12
4482,PRV57208,1.18
4483,PRV57211,1.09
4484,PRV57212,1.12
4485,PRV57213,1.14
4486,PRV57215,1.0
4487,PRV57216,1.15
4488,PRV57217,1.09
4489,PRV57218,1.65
4490,PRV57219,1.05
4491,PRV57224,1.29
4492,PRV57225,1.24
4493,PRV57227,1.04
4494,PRV57228,1.95
4495,PRV57231,1.04
4496,PRV57232,1.0
4497,PRV57233,1.21
4498,PRV57234,1.04
4499,PRV57235,1.07
4500,PRV57236,1.13
4501,PRV57238,1.05
4502,PRV57239,1.04
4503,PRV57240,1.16
4504,PRV57241,1.09
4505,PRV57242,1.13
4506,PRV57244,1.0
4507,PRV57245,1.18
4508,PRV57246,1.0
4509,PRV57247,1.0
4510,PRV57248,1.0
4511,PRV57250,1.05
4512,PRV57251,1.07
4513,PRV57252,1.0
4514,PRV57253,1.07
4515,PRV57255,1.03
4516,PRV57256,1.0
4517,PRV57257,1.0
4518,PRV57259,1.04
4519,PRV57261,1.11
4520,PRV57262,1.0
4521,PRV57263,1.04
4522,PRV57264,1.0
4523,PRV57265,1.0
4524,PRV57266,1.0
4525,PRV57269,1.09
4526,PRV57270,1.0
4527,PRV57272,1.04
4528,PRV57273,1.12
4529,PRV57274,1.0
4530,PRV57275,1.11
4531,PRV57276,1.0
4532,PRV57277,1.0
4533,PRV57278,1.0
4534,PRV57280,1.0
4535,PRV57283,1.0
4536,PRV57285,1.0
4537,PRV57286,1.0
4538,PRV57287,1.44
4539,PRV57288,1.16
4540,PRV57289,1.0
4541,PRV57290,1.0
4542,PRV57291,1.0
4543,PRV57293,1.0
4544,PRV57294,1.0
4545,PRV57298,1.0
4546,PRV57299,1.0
4547,PRV57301,1.14
4548,PRV57302,1.0
4549,PRV57303,1.18
4550,PRV57304,1.19
4551,PRV57305,2.16
4552,PRV57307,1.06
4553,PRV57308,1.0
4554,PRV57309,1.06
4555,PRV57311,1.51
4556,PRV57313,1.73
4557,PRV57314,1.09
4558,PRV57315,1.0
4559,PRV57316,1.2
4560,PRV57318,1.25
4561,PRV57319,1.45
4562,PRV57320,1.03
4563,PRV57321,1.15
4564,PRV57322,1.1
4565,PRV57324,1.19
4566,PRV57325,1.0
4567,PRV57326,1.0
4568,PRV57327,1.0
4569,PRV57328,1.03
4570,PRV57329,1.09
4571,PRV57330,1.0
4572,PRV57331,1.21
4573,PRV57332,1.15
4574,PRV57333,2.87
4575,PRV57334,1.08
4576,PRV57336,1.14
4577,PRV57339,1.7
4578,PRV57340,1.08
4579,PRV57343,1.12
4580,PRV57346,1.89
4581,PRV57347,1.18
4582,PRV57348,2.71
4583,PRV57350,1.05
4584,PRV57351,1.1
4585,PRV57352,1.02
4586,PRV57354,1.05
4587,PRV57355,1.0
4588,PRV57356,1.14
4589,PRV57357,1.0
4590,PRV57358,1.15
4591,PRV57359,1.15
4592,PRV57361,1.11
4593,PRV57363,1.0
4594,PRV57364,1.11
4595,PRV57365,1.26
4596,PRV57366,1.0
4597,PRV57367,1.1
4598,PRV57368,1.0
4599,PRV57369,1.04
4600,PRV57371,1.0
4601,PRV57372,1.03
4602,PRV57373,1.0
4603,PRV57374,1.0
4604,PRV57375,1.12
4605,PRV57376,1.0
4606,PRV57378,1.03
4607,PRV57379,1.04
4608,PRV57380,1.14
4609,PRV57381,1.02
4610,PRV57382,1.13
4611,PRV57385,1.14
4612,PRV57386,1.0
4613,PRV57388,1.0
4614,PRV57389,1.0
4615,PRV57390,1.1
4616,PRV57391,1.06
4617,PRV57392,1.0
4618,PRV57393,1.0
4619,PRV57394,1.0
4620,PRV57396,1.0
4621,PRV57397,1.0
4622,PRV57398,1.0
4623,PRV57399,1.0
4624,PRV57400,1.0
4625,PRV57401,1.0
4626,PRV57402,1.0
4627,PRV57403,1.07
4628,PRV57404,1.02
4629,PRV57405,1.1
4630,PRV57406,1.1
4631,PRV57407,1.32
4632,PRV57408,1.02
4633,PRV57410,1.36
4634,PRV57411,1.07
4635,PRV57412,1.48
4636,PRV57413,1.04
4637,PRV57414,1.12
4638,PRV57415,1.06
4639,PRV57416,1.0
4640,PRV57417,1.0
4641,PRV57419,1.0
4642,PRV57421,1.03
4643,PRV57422,1.13
4644,PRV57423,1.09
4645,PRV57424,1.12
4646,PRV57426,1.07
4647,PRV57427,1.15
4648,PRV57429,1.29
4649,PRV57431,1.04
4650,PRV57432,1.07
4651,PRV57433,1.11
4652,PRV57434,1.48
4653,PRV57435,1.09
4654,PRV57436,1.0
4655,PRV57437,1.0
4656,PRV57438,1.0
4657,PRV57440,1.0
4658,PRV57441,1.1
4659,PRV57443,1.04
4660,PRV57444,1.0
4661,PRV57445,1.03
4662,PRV57446,1.0
4663,PRV57447,1.0
4664,PRV57448,1.32
4665,PRV57449,1.06
4666,PRV57450,1.1
4667,PRV57452,1.0
4668,PRV57453,1.0
4669,PRV57454,1.02
4670,PRV57455,1.0
4671,PRV57456,1.0
4672,PRV57459,1.1
4673,PRV57460,1.03
4674,PRV57461,1.0
4675,PRV57462,1.0
4676,PRV57463,1.08
4677,PRV57464,1.0
4678,PRV57465,1.0
4679,PRV57467,1.0
4680,PRV57468,1.0
4681,PRV57469,1.07
4682,PRV57470,1.0
4683,PRV57471,1.0
4684,PRV57472,1.0
4685,PRV57473,1.0
4686,PRV57474,1.0
4687,PRV57475,1.05
4688,PRV57476,1.22
4689,PRV57477,1.06
4690,PRV57479,1.0
4691,PRV57484,1.12
4692,PRV57485,1.0
4693,PRV57486,1.06
4694,PRV57487,1.15
4695,PRV57488,1.0
4696,PRV57489,1.0
4697,PRV57490,1.11
4698,PRV57491,1.2
4699,PRV57492,1.23
4700,PRV57496,1.15
4701,PRV57499,1.06
4702,PRV57500,1.08
4703,PRV57501,1.1
4704,PRV57504,1.04
4705,PRV57507,1.12
4706,PRV57509,1.18
4707,PRV57510,1.36
4708,PRV57512,1.16
4709,PRV57514,1.04
4710,PRV57515,1.17
4711,PRV57516,1.0
4712,PRV57517,1.15
4713,PRV57518,1.14
4714,PRV57519,1.28
4715,PRV57520,1.0
4716,PRV57521,1.19
4717,PRV57522,1.03
4718,PRV57523,1.21
4719,PRV57526,1.36
4720,PRV57529,1.48
4721,PRV57530,1.8
4722,PRV57531,1.1
4723,PRV57532,1.49
4724,PRV57533,1.09
4725,PRV57534,1.17
4726,PRV57536,1.08
4727,PRV57539,1.14
4728,PRV57540,1.08
4729,PRV57541,1.0
4730,PRV57542,1.06
4731,PRV57544,1.04
4732,PRV57545,1.03
4733,PRV57546,1.12
4734,PRV57549,1.83
4735,PRV57550,1.04
4736,PRV57551,1.19
4737,PRV57552,1.0
4738,PRV57553,1.05
4739,PRV57555,1.05
4740,PRV57557,1.14
4741,PRV57558,1.08
4742,PRV57560,1.0
4743,PRV57561,1.0
4744,PRV57563,1.0
4745,PRV57564,1.0
4746,PRV57565,1.0
4747,PRV57567,1.0
4748,PRV57568,1.0
4749,PRV57570,1.0
4750,PRV57571,1.0
4751,PRV57572,1.41
4752,PRV57573,1.03
4753,PRV57574,1.05
4754,PRV57575,1.0
4755,PRV57576,1.05
4756,PRV57577,1.06
4757,PRV57578,1.0
4758,PRV57580,1.16
4759,PRV57581,1.15
4760,PRV57583,1.0
4761,PRV57584,1.02
4762,PRV57585,1.2
4763,PRV57586,1.21
4764,PRV57588,1.0
4765,PRV57590,1.15
4766,PRV57592,1.22
4767,PRV57593,1.04
4768,PRV57594,1.0
4769,PRV57595,1.06
4770,PRV57596,1.25
4771,PRV57597,1.32
4772,PRV57598,1.0
4773,PRV57599,1.0
4774,PRV57600,1.06
4775,PRV57601,1.07
4776,PRV57602,1.03
4777,PRV57603,1.25
4778,PRV57605,1.29
4779,PRV57609,1.0
4780,PRV57610,1.1
4781,PRV57611,1.26
4782,PRV57612,1.0
4783,PRV57613,1.0
4784,PRV57614,1.0
4785,PRV57615,1.0
4786,PRV57616,1.0
4787,PRV57617,1.0
4788,PRV57618,1.38
4789,PRV57619,1.05
4790,PRV57623,1.0
4791,PRV57624,1.08
4792,PRV57625,1.1
4793,PRV57626,1.0
4794,PRV57627,1.12
4795,PRV57629,1.11
4796,PRV57630,1.0
4797,PRV57632,1.0
4798,PRV57633,1.0
4799,PRV57634,1.0
4800,PRV57635,1.0
4801,PRV57636,1.0
4802,PRV57638,1.0
4803,PRV57639,1.0
4804,PRV57640,1.07
4805,PRV57641,1.09
4806,PRV57643,1.12
4807,PRV57645,1.0
4808,PRV57646,1.04
4809,PRV57647,1.05
4810,PRV57650,1.03
4811,PRV57651,1.1
4812,PRV57652,1.07
4813,PRV57653,1.06
4814,PRV57654,1.09
4815,PRV57655,1.0
4816,PRV57657,1.12
4817,PRV57658,1.11
4818,PRV57659,1.0
4819,PRV57660,1.0
4820,PRV57662,1.0
4821,PRV57663,1.0
4822,PRV57668,1.0
4823,PRV57669,1.0
4824,PRV57670,1.0
4825,PRV57671,1.0
4826,PRV57673,1.32
4827,PRV57674,1.65
4828,PRV57675,1.0
4829,PRV57676,1.07
4830,PRV57677,1.31
4831,PRV57678,1.0
4832,PRV57679,1.0
4833,PRV57680,1.12
4834,PRV57682,1.0
4835,PRV57683,1.0
4836,PRV57684,1.08
4837,PRV57686,1.0
4838,PRV57687,1.0
4839,PRV57688,1.0
4840,PRV57689,1.04
4841,PRV57690,1.0
4842,PRV57691,1.09
4843,PRV57692,1.0
4844,PRV57693,1.16
4845,PRV57694,1.0
4846,PRV57696,1.0
4847,PRV57699,1.0
4848,PRV57700,1.0
4849,PRV57701,1.0
4850,PRV57702,1.0
4851,PRV57704,1.17
4852,PRV57705,1.0
4853,PRV57706,1.0
4854,PRV57707,1.0
4855,PRV57710,1.72
4856,PRV57711,1.0
4857,PRV57712,1.0
4858,PRV57714,1.0
4859,PRV57715,2.59
4860,PRV57716,1.1
4861,PRV57717,1.15
4862,PRV57718,1.29
4863,PRV57719,1.0
4864,PRV57720,1.0
4865,PRV57721,1.0
4866,PRV57722,1.06
4867,PRV57723,1.0
4868,PRV57724,1.0
4869,PRV57725,1.0
4870,PRV57727,1.07
4871,PRV57728,1.0
4872,PRV57729,1.0
4873,PRV57730,1.03
4874,PRV57731,1.0
4875,PRV57732,1.06
4876,PRV57733,1.02
4877,PRV57734,1.0
4878,PRV57735,1.0
4879,PRV57736,1.0
4880,PRV57737,1.0
4881,PRV57738,1.0
4882,PRV57739,1.0
4883,PRV57740,1.0
4884,PRV57741,1.0
4885,PRV57742,1.14
4886,PRV57743,1.0
4887,PRV57744,1.0
4888,PRV57746,1.08
4889,PRV57747,1.0
4890,PRV57748,1.12
4891,PRV57751,1.0
4892,PRV57752,1.0
4893,PRV57753,1.0
4894,PRV57754,1.0
4895,PRV57755,1.0
4896,PRV57756,1.0
4897,PRV57757,1.0
4898,PRV57758,1.0
4899,PRV57759,1.04
4900,PRV57760,1.0
4901,PRV57761,1.08
4902,PRV57762,1.0
4903,PRV57763,1.16
