Provider,ClaimNum,DupClaimNum,DupClaimRatio,DupClaim
PRV51001,5,0.0,0.0,no
PRV51003,62,1.0,0.016129032258064516,yes
PRV51007,3,0.0,0.0,no
PRV51008,2,0.0,0.0,no
PRV51011,1,0.0,0.0,no
PRV51021,29,3.0,0.10344827586206896,yes
PRV51023,9,1.0,0.1111111111111111,yes
PRV51024,9,1.0,0.1111111111111111,yes
PRV51025,13,0.0,0.0,no
PRV51030,82,2.0,0.024390243902439025,yes
PRV51031,28,0.0,0.0,no
PRV51035,1,0.0,0.0,no
PRV51037,23,1.0,0.043478260869565216,yes
PRV51038,30,2.0,0.06666666666666667,yes
PRV51040,9,1.0,0.1111111111111111,yes
PRV51046,8,0.0,0.0,no
PRV51048,4,0.0,0.0,no
PRV51052,2,0.0,0.0,no
PRV51053,1,0.0,0.0,no
PRV51055,2,0.0,0.0,no
PRV51056,2,0.0,0.0,no
PRV51058,5,0.0,0.0,no
PRV51059,25,0.0,0.0,no
PRV51060,5,1.0,0.2,yes
PRV51061,1,0.0,0.0,no
PRV51062,3,0.0,0.0,no
PRV51064,36,2.0,0.05555555555555555,yes
PRV51065,10,1.0,0.1,yes
PRV51066,2,0.0,0.0,no
PRV51067,12,0.0,0.0,no
PRV51068,9,0.0,0.0,no
PRV51070,10,0.0,0.0,no
PRV51072,12,0.0,0.0,no
PRV51074,5,0.0,0.0,no
PRV51077,16,0.0,0.0,no
PRV51078,9,0.0,0.0,no
PRV51081,6,0.0,0.0,no
PRV51084,20,0.0,0.0,no
PRV51086,31,2.0,0.06451612903225806,yes
PRV51089,18,0.0,0.0,no
PRV51093,2,0.0,0.0,no
PRV51100,5,0.0,0.0,no
PRV51101,3,0.0,0.0,no
PRV51102,12,1.0,0.08333333333333333,yes
PRV51108,19,1.0,0.05263157894736842,yes
PRV51109,3,0.0,0.0,no
PRV51110,5,0.0,0.0,no
PRV51118,16,0.0,0.0,no
PRV51119,94,3.0,0.031914893617021274,yes
PRV51120,7,0.0,0.0,no
PRV51121,6,0.0,0.0,no
PRV51123,2,0.0,0.0,no
PRV51125,12,0.0,0.0,no
PRV51126,20,2.0,0.1,yes
PRV51128,5,0.0,0.0,no
PRV51132,1,0.0,0.0,no
PRV51136,1,0.0,0.0,no
PRV51137,1,0.0,0.0,no
PRV51138,1,0.0,0.0,no
PRV51139,7,0.0,0.0,no
PRV51140,47,3.0,0.06382978723404255,yes
PRV51142,7,0.0,0.0,no
PRV51144,4,0.0,0.0,no
PRV51145,161,7.0,0.043478260869565216,yes
PRV51146,162,10.0,0.06172839506172839,yes
PRV51148,34,1.0,0.029411764705882353,yes
PRV51149,116,2.0,0.017241379310344827,yes
PRV51151,22,1.0,0.045454545454545456,yes
PRV51153,4,0.0,0.0,no
PRV51159,65,1.0,0.015384615384615385,yes
PRV51160,90,1.0,0.011111111111111112,yes
PRV51164,41,3.0,0.07317073170731707,yes
PRV51165,26,1.0,0.038461538461538464,yes
PRV51166,1,0.0,0.0,no
PRV51168,9,0.0,0.0,no
PRV51170,8,0.0,0.0,no
PRV51173,7,0.0,0.0,no
PRV51178,34,0.0,0.0,no
PRV51180,2,0.0,0.0,no
PRV51183,41,0.0,0.0,no
PRV51190,3,0.0,0.0,no
PRV51194,2,0.0,0.0,no
PRV51207,3,0.0,0.0,no
PRV51231,2,0.0,0.0,no
PRV51232,1,0.0,0.0,no
PRV51233,3,0.0,0.0,no
PRV51234,5,0.0,0.0,no
PRV51235,2,0.0,0.0,no
PRV51236,1,0.0,0.0,no
PRV51237,1,0.0,0.0,no
PRV51238,8,1.0,0.125,yes
PRV51239,1,0.0,0.0,no
PRV51240,11,0.0,0.0,no
PRV51241,10,0.0,0.0,no
PRV51242,11,1.0,0.09090909090909091,yes
PRV51244,200,9.0,0.045,yes
PRV51245,4,0.0,0.0,no
PRV51247,10,0.0,0.0,no
PRV51248,1,0.0,0.0,no
PRV51249,51,4.0,0.0784313725490196,yes
PRV51252,18,1.0,0.05555555555555555,yes
PRV51255,2,0.0,0.0,no
PRV51258,8,0.0,0.0,no
PRV51259,4,0.0,0.0,no
PRV51260,3,0.0,0.0,no
PRV51261,26,1.0,0.038461538461538464,yes
PRV51263,18,1.0,0.05555555555555555,yes
PRV51266,10,1.0,0.1,yes
PRV51267,2,0.0,0.0,no
PRV51271,2,0.0,0.0,no
PRV51272,2,0.0,0.0,no
PRV51274,10,1.0,0.1,yes
PRV51276,14,0.0,0.0,no
PRV51277,10,0.0,0.0,no
PRV51282,8,0.0,0.0,no
PRV51284,17,2.0,0.11764705882352941,yes
PRV51285,15,0.0,0.0,no
PRV51286,15,0.0,0.0,no
PRV51288,3,1.0,0.3333333333333333,yes
PRV51296,3,0.0,0.0,no
PRV51297,5,0.0,0.0,no
PRV51300,7,3.0,0.42857142857142855,yes
PRV51301,6,0.0,0.0,no
PRV51302,10,0.0,0.0,no
PRV51304,2,0.0,0.0,no
PRV51305,11,0.0,0.0,no
PRV51311,3,0.0,0.0,no
PRV51312,4,0.0,0.0,no
PRV51316,3,0.0,0.0,no
PRV51318,3,0.0,0.0,no
PRV51334,2,1.0,0.5,yes
PRV51336,10,0.0,0.0,no
PRV51337,40,0.0,0.0,no
PRV51338,7,0.0,0.0,no
PRV51342,28,3.0,0.10714285714285714,yes
PRV51344,2,0.0,0.0,no
PRV51346,5,0.0,0.0,no
PRV51348,19,0.0,0.0,no
PRV51349,5,0.0,0.0,no
PRV51350,21,1.0,0.047619047619047616,yes
PRV51353,5,0.0,0.0,no
PRV51354,1,0.0,0.0,no
PRV51355,15,0.0,0.0,no
PRV51356,17,0.0,0.0,no
PRV51357,13,1.0,0.07692307692307693,yes
PRV51358,7,0.0,0.0,no
PRV51360,9,1.0,0.1111111111111111,yes
PRV51362,6,0.0,0.0,no
PRV51364,6,0.0,0.0,no
PRV51371,11,0.0,0.0,no
PRV51377,3,0.0,0.0,no
PRV51378,108,4.0,0.037037037037037035,yes
PRV51379,2,0.0,0.0,no
PRV51380,4,0.0,0.0,no
PRV51383,9,0.0,0.0,no
PRV51387,13,1.0,0.07692307692307693,yes
PRV51388,14,0.0,0.0,no
PRV51389,18,1.0,0.05555555555555555,yes
PRV51390,164,3.0,0.018292682926829267,yes
PRV51391,13,1.0,0.07692307692307693,yes
PRV51393,68,3.0,0.04411764705882353,yes
PRV51396,3,0.0,0.0,no
PRV51398,1,0.0,0.0,no
PRV51399,65,6.0,0.09230769230769231,yes
PRV51401,8,0.0,0.0,no
PRV51403,10,0.0,0.0,no
PRV51404,1,0.0,0.0,no
PRV51405,2,0.0,0.0,no
PRV51406,8,0.0,0.0,no
PRV51414,3,0.0,0.0,no
PRV51415,7,1.0,0.14285714285714285,yes
PRV51418,17,2.0,0.11764705882352941,yes
PRV51419,2,0.0,0.0,no
PRV51421,84,3.0,0.03571428571428571,yes
PRV51422,4,0.0,0.0,no
PRV51424,1,0.0,0.0,no
PRV51425,3,0.0,0.0,no
PRV51426,6,0.0,0.0,no
PRV51427,5,1.0,0.2,yes
PRV51428,4,0.0,0.0,no
PRV51430,17,0.0,0.0,no
PRV51431,25,0.0,0.0,no
PRV51432,7,0.0,0.0,no
PRV51434,24,0.0,0.0,no
PRV51435,6,0.0,0.0,no
PRV51436,25,1.0,0.04,yes
PRV51438,2,1.0,0.5,yes
PRV51440,7,0.0,0.0,no
PRV51442,2,0.0,0.0,no
PRV51443,2,0.0,0.0,no
PRV51444,4,0.0,0.0,no
PRV51446,12,0.0,0.0,no
PRV51447,16,0.0,0.0,no
PRV51448,11,2.0,0.18181818181818182,yes
PRV51449,9,0.0,0.0,no
PRV51455,9,0.0,0.0,no
PRV51456,112,4.0,0.03571428571428571,yes
PRV51460,17,0.0,0.0,no
PRV51465,1,0.0,0.0,no
PRV51466,5,0.0,0.0,no
PRV51467,7,1.0,0.14285714285714285,yes
PRV51468,15,1.0,0.06666666666666667,yes
PRV51470,3,0.0,0.0,no
PRV51471,161,7.0,0.043478260869565216,yes
PRV51474,41,0.0,0.0,no
PRV51475,11,1.0,0.09090909090909091,yes
PRV51476,3,0.0,0.0,no
PRV51479,13,0.0,0.0,no
PRV51482,11,1.0,0.09090909090909091,yes
PRV51483,6,0.0,0.0,no
PRV51484,2,0.0,0.0,no
PRV51488,3,0.0,0.0,no
PRV51490,48,0.0,0.0,no
PRV51491,8,0.0,0.0,no
PRV51492,14,1.0,0.07142857142857142,yes
PRV51495,90,4.0,0.044444444444444446,yes
PRV51497,4,0.0,0.0,no
PRV51499,2,0.0,0.0,no
PRV51501,223,11.0,0.04932735426008968,yes
PRV51507,6,0.0,0.0,no
PRV51508,12,0.0,0.0,no
PRV51514,21,0.0,0.0,no
PRV51515,5,0.0,0.0,no
PRV51516,3,1.0,0.3333333333333333,yes
PRV51518,5,0.0,0.0,no
PRV51522,12,0.0,0.0,no
PRV51523,60,3.0,0.05,yes
PRV51525,5,0.0,0.0,no
PRV51526,7,0.0,0.0,no
PRV51532,6,1.0,0.16666666666666666,yes
PRV51533,13,1.0,0.07692307692307693,yes
PRV51535,2,0.0,0.0,no
PRV51536,4,0.0,0.0,no
PRV51539,69,1.0,0.014492753623188406,yes
PRV51540,7,0.0,0.0,no
PRV51542,93,2.0,0.021505376344086023,yes
PRV51544,45,4.0,0.08888888888888889,yes
PRV51546,9,0.0,0.0,no
PRV51549,8,1.0,0.125,yes
PRV51550,16,0.0,0.0,no
PRV51551,5,0.0,0.0,no
PRV51552,10,0.0,0.0,no
PRV51553,6,0.0,0.0,no
PRV51554,1,0.0,0.0,no
PRV51556,10,0.0,0.0,no
PRV51557,1,0.0,0.0,no
PRV51558,5,0.0,0.0,no
PRV51560,200,5.0,0.025,yes
PRV51566,15,0.0,0.0,no
PRV51568,9,0.0,0.0,no
PRV51572,1,0.0,0.0,no
PRV51573,5,0.0,0.0,no
PRV51576,5,0.0,0.0,no
PRV51578,122,4.0,0.03278688524590164,yes
PRV51579,18,1.0,0.05555555555555555,yes
PRV51582,1,0.0,0.0,no
PRV51583,2,0.0,0.0,no
PRV51584,13,2.0,0.15384615384615385,yes
PRV51585,4,1.0,0.25,yes
PRV51586,6,0.0,0.0,no
PRV51588,3,0.0,0.0,no
PRV51590,81,3.0,0.037037037037037035,yes
PRV51593,12,1.0,0.08333333333333333,yes
PRV51595,1,0.0,0.0,no
PRV51596,3,0.0,0.0,no
PRV51598,61,2.0,0.03278688524590164,yes
PRV51599,3,0.0,0.0,no
PRV51600,3,0.0,0.0,no
PRV51602,12,2.0,0.16666666666666666,yes
PRV51604,50,2.0,0.04,yes
PRV51605,5,0.0,0.0,no
PRV51606,10,0.0,0.0,no
PRV51607,1,0.0,0.0,no
PRV51608,9,0.0,0.0,no
PRV51609,12,0.0,0.0,no
PRV51610,3,0.0,0.0,no
PRV51612,6,0.0,0.0,no
PRV51613,4,0.0,0.0,no
PRV51614,148,5.0,0.033783783783783786,yes
PRV51617,11,0.0,0.0,no
PRV51618,1,0.0,0.0,no
PRV51619,8,0.0,0.0,no
PRV51620,3,0.0,0.0,no
PRV51622,9,0.0,0.0,no
PRV51623,7,0.0,0.0,no
PRV51625,4,0.0,0.0,no
PRV51626,1,0.0,0.0,no
PRV51627,3,0.0,0.0,no
PRV51628,2,0.0,0.0,no
PRV51629,22,1.0,0.045454545454545456,yes
PRV51630,1,0.0,0.0,no
PRV51632,4,1.0,0.25,yes
PRV51634,5,0.0,0.0,no
PRV51635,1,0.0,0.0,no
PRV51636,3,0.0,0.0,no
PRV51637,7,0.0,0.0,no
PRV51638,2,1.0,0.5,yes
PRV51639,12,0.0,0.0,no
PRV51640,3,0.0,0.0,no
PRV51642,1,0.0,0.0,no
PRV51644,1,0.0,0.0,no
PRV51647,6,0.0,0.0,no
PRV51670,1,0.0,0.0,no
PRV51676,3,0.0,0.0,no
PRV51679,2,0.0,0.0,no
PRV51681,1,0.0,0.0,no
PRV51688,2,0.0,0.0,no
PRV51690,7,0.0,0.0,no
PRV51710,14,0.0,0.0,no
PRV51711,1,0.0,0.0,no
PRV51715,3,0.0,0.0,no
PRV51803,2,0.0,0.0,no
PRV51805,3,0.0,0.0,no
PRV51806,1,0.0,0.0,no
PRV51807,7,0.0,0.0,no
PRV51809,27,1.0,0.037037037037037035,yes
PRV51810,3,1.0,0.3333333333333333,yes
PRV51811,15,1.0,0.06666666666666667,yes
PRV51812,1,0.0,0.0,no
PRV51813,10,0.0,0.0,no
PRV51816,7,0.0,0.0,no
PRV51818,29,0.0,0.0,no
PRV51819,2,0.0,0.0,no
PRV51820,5,0.0,0.0,no
PRV51821,10,0.0,0.0,no
PRV51822,1,0.0,0.0,no
PRV51823,8,0.0,0.0,no
PRV51824,10,0.0,0.0,no
PRV51826,21,0.0,0.0,no
PRV51827,18,0.0,0.0,no
PRV51828,11,2.0,0.18181818181818182,yes
PRV51829,5,0.0,0.0,no
PRV51830,6,0.0,0.0,no
PRV51831,2,0.0,0.0,no
PRV51833,3,0.0,0.0,no
PRV51837,15,0.0,0.0,no
PRV51840,39,2.0,0.05128205128205128,yes
PRV51841,8,1.0,0.125,yes
PRV51842,117,9.0,0.07692307692307693,yes
PRV51845,11,0.0,0.0,no
PRV51846,2,0.0,0.0,no
PRV51849,3,0.0,0.0,no
PRV51851,53,0.0,0.0,no
PRV51855,16,0.0,0.0,no
PRV51857,26,0.0,0.0,no
PRV51860,4,0.0,0.0,no
PRV51862,8,0.0,0.0,no
PRV51863,19,0.0,0.0,no
PRV51864,6,0.0,0.0,no
PRV51868,100,4.0,0.04,yes
PRV51869,2,0.0,0.0,no
PRV51873,26,2.0,0.07692307692307693,yes
PRV51876,18,1.0,0.05555555555555555,yes
PRV51884,5,0.0,0.0,no
PRV51890,1,0.0,0.0,no
PRV51898,1,0.0,0.0,no
PRV51919,6,0.0,0.0,no
PRV51920,9,0.0,0.0,no
PRV51927,5,0.0,0.0,no
PRV51929,8,0.0,0.0,no
PRV51931,1,0.0,0.0,no
PRV51932,2,0.0,0.0,no
PRV51935,3,0.0,0.0,no
PRV51938,2,0.0,0.0,no
PRV51940,193,8.0,0.04145077720207254,yes
PRV51941,2,0.0,0.0,no
PRV51943,1,0.0,0.0,no
PRV51944,5,0.0,0.0,no
PRV51946,23,0.0,0.0,no
PRV51947,1,0.0,0.0,no
PRV51948,143,4.0,0.027972027972027972,yes
PRV51949,19,1.0,0.05263157894736842,yes
PRV51950,3,0.0,0.0,no
PRV51951,48,3.0,0.0625,yes
PRV51954,23,1.0,0.043478260869565216,yes
PRV51956,2,0.0,0.0,no
PRV51957,24,0.0,0.0,no
PRV51958,1,0.0,0.0,no
PRV51960,21,1.0,0.047619047619047616,yes
PRV51976,7,0.0,0.0,no
PRV51977,1,0.0,0.0,no
PRV51978,4,0.0,0.0,no
PRV51979,13,0.0,0.0,no
PRV51981,5,1.0,0.2,yes
PRV52002,24,1.0,0.041666666666666664,yes
PRV52003,77,6.0,0.07792207792207792,yes
PRV52012,1,0.0,0.0,no
PRV52017,23,1.0,0.043478260869565216,yes
PRV52019,516,22.0,0.04263565891472868,yes
PRV52020,92,4.0,0.043478260869565216,yes
PRV52021,181,6.0,0.03314917127071823,yes
PRV52027,46,3.0,0.06521739130434782,yes
PRV52028,4,1.0,0.25,yes
PRV52029,11,0.0,0.0,no
PRV52030,4,0.0,0.0,no
PRV52031,1,0.0,0.0,no
PRV52032,56,1.0,0.017857142857142856,yes
PRV52038,22,1.0,0.045454545454545456,yes
PRV52042,1,0.0,0.0,no
PRV52044,43,2.0,0.046511627906976744,yes
PRV52045,46,2.0,0.043478260869565216,yes
PRV52047,15,0.0,0.0,no
PRV52052,5,0.0,0.0,no
PRV52057,10,0.0,0.0,no
PRV52059,13,0.0,0.0,no
PRV52063,88,2.0,0.022727272727272728,yes
PRV52064,38,3.0,0.07894736842105263,yes
PRV52065,116,7.0,0.0603448275862069,yes
PRV52072,41,2.0,0.04878048780487805,yes
PRV52073,28,3.0,0.10714285714285714,yes
PRV52074,11,0.0,0.0,no
PRV52076,56,1.0,0.017857142857142856,yes
PRV52077,104,1.0,0.009615384615384616,yes
PRV52079,7,1.0,0.14285714285714285,yes
PRV52081,3,0.0,0.0,no
PRV52084,10,0.0,0.0,no
PRV52087,2,1.0,0.5,yes
PRV52088,1,0.0,0.0,no
PRV52089,15,0.0,0.0,no
PRV52092,12,0.0,0.0,no
PRV52094,8,0.0,0.0,no
PRV52095,1,0.0,0.0,no
PRV52097,1,0.0,0.0,no
PRV52099,2,0.0,0.0,no
PRV52100,164,1.0,0.006097560975609756,yes
PRV52101,1,0.0,0.0,no
PRV52107,10,0.0,0.0,no
PRV52111,9,0.0,0.0,no
PRV52112,24,0.0,0.0,no
PRV52114,105,4.0,0.0380952380952381,yes
PRV52115,20,1.0,0.05,yes
PRV52118,4,0.0,0.0,no
PRV52119,16,0.0,0.0,no
PRV52120,165,5.0,0.030303030303030304,yes
PRV52121,4,0.0,0.0,no
PRV52123,162,4.0,0.024691358024691357,yes
PRV52124,7,1.0,0.14285714285714285,yes
PRV52126,39,1.0,0.02564102564102564,yes
PRV52127,5,0.0,0.0,no
PRV52128,53,3.0,0.05660377358490566,yes
PRV52130,10,1.0,0.1,yes
PRV52131,31,0.0,0.0,no
PRV52133,2,0.0,0.0,no
PRV52135,210,7.0,0.03333333333333333,yes
PRV52136,40,2.0,0.05,yes
PRV52141,3,0.0,0.0,no
PRV52142,28,0.0,0.0,no
PRV52144,12,0.0,0.0,no
PRV52146,24,1.0,0.041666666666666664,yes
PRV52147,18,0.0,0.0,no
PRV52148,42,1.0,0.023809523809523808,yes
PRV52149,16,0.0,0.0,no
PRV52150,31,2.0,0.06451612903225806,yes
PRV52151,47,2.0,0.0425531914893617,yes
PRV52152,47,4.0,0.0851063829787234,yes
PRV52155,12,0.0,0.0,no
PRV52156,13,0.0,0.0,no
PRV52157,43,0.0,0.0,no
PRV52159,24,0.0,0.0,no
PRV52160,3,0.0,0.0,no
PRV52162,1,0.0,0.0,no
PRV52163,2,0.0,0.0,no
PRV52165,10,0.0,0.0,no
PRV52166,7,0.0,0.0,no
PRV52167,9,0.0,0.0,no
PRV52170,3,0.0,0.0,no
PRV52171,3,0.0,0.0,no
PRV52173,119,2.0,0.01680672268907563,yes
PRV52176,21,2.0,0.09523809523809523,yes
PRV52177,5,0.0,0.0,no
PRV52178,133,8.0,0.06015037593984962,yes
PRV52179,2,0.0,0.0,no
PRV52180,5,0.0,0.0,no
PRV52181,10,0.0,0.0,no
PRV52182,5,0.0,0.0,no
PRV52188,14,0.0,0.0,no
PRV52192,6,0.0,0.0,no
PRV52195,10,1.0,0.1,yes
PRV52197,10,0.0,0.0,no
PRV52265,30,0.0,0.0,no
PRV52266,37,1.0,0.02702702702702703,yes
PRV52267,10,0.0,0.0,no
PRV52278,16,0.0,0.0,no
PRV52279,82,1.0,0.012195121951219513,yes
PRV52280,41,3.0,0.07317073170731707,yes
PRV52281,41,1.0,0.024390243902439025,yes
PRV52282,6,0.0,0.0,no
PRV52283,66,7.0,0.10606060606060606,yes
PRV52285,19,2.0,0.10526315789473684,yes
PRV52286,5,0.0,0.0,no
PRV52289,4,0.0,0.0,no
PRV52290,10,0.0,0.0,no
PRV52291,17,1.0,0.058823529411764705,yes
PRV52292,25,1.0,0.04,yes
PRV52294,7,0.0,0.0,no
PRV52295,5,1.0,0.2,yes
PRV52296,2,0.0,0.0,no
PRV52298,9,0.0,0.0,no
PRV52300,3,0.0,0.0,no
PRV52302,11,0.0,0.0,no
PRV52303,23,2.0,0.08695652173913043,yes
PRV52307,53,2.0,0.03773584905660377,yes
PRV52308,40,2.0,0.05,yes
PRV52314,40,1.0,0.025,yes
PRV52315,5,0.0,0.0,no
PRV52317,2,0.0,0.0,no
PRV52320,69,2.0,0.028985507246376812,yes
PRV52321,33,1.0,0.030303030303030304,yes
PRV52325,27,0.0,0.0,no
PRV52326,8,0.0,0.0,no
PRV52331,9,0.0,0.0,no
PRV52334,8,0.0,0.0,no
PRV52335,2,0.0,0.0,no
PRV52340,224,13.0,0.05803571428571429,yes
PRV52342,51,2.0,0.0392156862745098,yes
PRV52343,42,1.0,0.023809523809523808,yes
PRV52344,23,0.0,0.0,no
PRV52346,19,0.0,0.0,no
PRV52347,50,1.0,0.02,yes
PRV52348,9,0.0,0.0,no
PRV52350,7,0.0,0.0,no
PRV52353,6,0.0,0.0,no
PRV52357,8,0.0,0.0,no
PRV52359,42,3.0,0.07142857142857142,yes
PRV52362,9,1.0,0.1111111111111111,yes
PRV52366,25,2.0,0.08,yes
PRV52367,4,0.0,0.0,no
PRV52372,27,0.0,0.0,no
PRV52373,3,0.0,0.0,no
PRV52378,3,0.0,0.0,no
PRV52387,13,0.0,0.0,no
PRV52392,5,0.0,0.0,no
PRV52393,16,0.0,0.0,no
PRV52394,3,1.0,0.3333333333333333,yes
PRV52396,17,0.0,0.0,no
PRV52398,12,1.0,0.08333333333333333,yes
PRV52401,4,0.0,0.0,no
PRV52402,57,0.0,0.0,no
PRV52403,2,0.0,0.0,no
PRV52404,7,1.0,0.14285714285714285,yes
PRV52405,22,3.0,0.13636363636363635,yes
PRV52419,5,0.0,0.0,no
PRV52427,3,0.0,0.0,no
PRV52445,5,0.0,0.0,no
PRV52446,10,0.0,0.0,no
PRV52449,6,0.0,0.0,no
PRV52452,2,0.0,0.0,no
PRV52457,9,0.0,0.0,no
PRV52458,1,0.0,0.0,no
PRV52459,50,2.0,0.04,yes
PRV52460,13,1.0,0.07692307692307693,yes
PRV52461,7,2.0,0.2857142857142857,yes
PRV52462,2,0.0,0.0,no
PRV52463,1,0.0,0.0,no
PRV52464,2,0.0,0.0,no
PRV52466,13,0.0,0.0,no
PRV52467,8,0.0,0.0,no
PRV52468,3,0.0,0.0,no
PRV52469,6,0.0,0.0,no
PRV52472,18,0.0,0.0,no
PRV52474,22,1.0,0.045454545454545456,yes
PRV52476,6,0.0,0.0,no
PRV52478,5,0.0,0.0,no
PRV52480,5,0.0,0.0,no
PRV52495,12,0.0,0.0,no
PRV52497,4,0.0,0.0,no
PRV52499,8,0.0,0.0,no
PRV52500,7,0.0,0.0,no
PRV52502,26,0.0,0.0,no
PRV52503,5,0.0,0.0,no
PRV52504,14,1.0,0.07142857142857142,yes
PRV52508,2,0.0,0.0,no
PRV52509,6,1.0,0.16666666666666666,yes
PRV52511,75,2.0,0.02666666666666667,yes
PRV52518,1,0.0,0.0,no
PRV52519,6,0.0,0.0,no
PRV52530,1,0.0,0.0,no
PRV52536,1,0.0,0.0,no
PRV52537,1,0.0,0.0,no
PRV52541,5,0.0,0.0,no
PRV52544,6,0.0,0.0,no
PRV52548,5,0.0,0.0,no
PRV52549,6,0.0,0.0,no
PRV52552,11,1.0,0.09090909090909091,yes
PRV52553,4,0.0,0.0,no
PRV52556,46,0.0,0.0,no
PRV52562,6,0.0,0.0,no
PRV52564,5,0.0,0.0,no
PRV52565,11,1.0,0.09090909090909091,yes
PRV52566,22,2.0,0.09090909090909091,yes
PRV52570,8,0.0,0.0,no
PRV52574,146,5.0,0.03424657534246575,yes
PRV52576,3,0.0,0.0,no
PRV52578,37,0.0,0.0,no
PRV52582,19,1.0,0.05263157894736842,yes
PRV52583,26,0.0,0.0,no
PRV52584,3,0.0,0.0,no
PRV52588,17,0.0,0.0,no
PRV52589,81,4.0,0.04938271604938271,yes
PRV52590,115,3.0,0.02608695652173913,yes
PRV52592,7,0.0,0.0,no
PRV52602,9,0.0,0.0,no
PRV52608,1,0.0,0.0,no
PRV52609,5,1.0,0.2,yes
PRV52610,1,0.0,0.0,no
PRV52611,9,0.0,0.0,no
PRV52615,2,0.0,0.0,no
PRV52617,42,1.0,0.023809523809523808,yes
PRV52621,24,0.0,0.0,no
PRV52622,4,0.0,0.0,no
PRV52623,10,0.0,0.0,no
PRV52627,3,0.0,0.0,no
PRV52630,87,3.0,0.034482758620689655,yes
PRV52634,58,1.0,0.017241379310344827,yes
PRV52641,21,2.0,0.09523809523809523,yes
PRV52642,146,7.0,0.04794520547945205,yes
PRV52644,9,0.0,0.0,no
PRV52646,34,0.0,0.0,no
PRV52647,7,0.0,0.0,no
PRV52651,3,0.0,0.0,no
PRV52653,4,0.0,0.0,no
PRV52654,58,3.0,0.05172413793103448,yes
PRV52662,2,0.0,0.0,no
PRV52684,5,0.0,0.0,no
PRV52687,6,0.0,0.0,no
PRV52688,6,0.0,0.0,no
PRV52691,3,0.0,0.0,no
PRV52696,3,0.0,0.0,no
PRV52698,1,0.0,0.0,no
PRV52699,1,0.0,0.0,no
PRV52706,2,1.0,0.5,yes
PRV52708,5,0.0,0.0,no
PRV52717,20,3.0,0.15,yes
PRV52722,9,2.0,0.2222222222222222,yes
PRV52723,18,1.0,0.05555555555555555,yes
PRV52787,11,0.0,0.0,no
PRV52803,2,0.0,0.0,no
PRV52804,1,0.0,0.0,no
PRV52806,2,0.0,0.0,no
PRV52807,2,0.0,0.0,no
PRV52808,4,0.0,0.0,no
PRV52810,6,0.0,0.0,no
PRV52813,17,0.0,0.0,no
PRV52814,2,0.0,0.0,no
PRV52815,26,0.0,0.0,no
PRV52816,1,0.0,0.0,no
PRV52821,173,5.0,0.028901734104046242,yes
PRV52823,7,0.0,0.0,no
PRV52828,23,3.0,0.13043478260869565,yes
PRV52829,6,0.0,0.0,no
PRV52831,20,0.0,0.0,no
PRV52833,4,0.0,0.0,no
PRV52835,11,0.0,0.0,no
PRV52836,5,1.0,0.2,yes
PRV52837,2,0.0,0.0,no
PRV52841,1,0.0,0.0,no
PRV52842,24,2.0,0.08333333333333333,yes
PRV52843,47,4.0,0.0851063829787234,yes
PRV52844,2,0.0,0.0,no
PRV52845,8,2.0,0.25,yes
PRV52846,175,4.0,0.022857142857142857,yes
PRV52847,62,3.0,0.04838709677419355,yes
PRV52849,2,1.0,0.5,yes
PRV52850,1,0.0,0.0,no
PRV52851,8,1.0,0.125,yes
PRV52855,3,0.0,0.0,no
PRV52857,6,0.0,0.0,no
PRV52858,14,0.0,0.0,no
PRV52862,56,1.0,0.017857142857142856,yes
PRV52865,6,0.0,0.0,no
PRV52868,42,0.0,0.0,no
PRV52869,7,0.0,0.0,no
PRV52870,35,0.0,0.0,no
PRV52876,18,1.0,0.05555555555555555,yes
PRV52880,3,0.0,0.0,no
PRV52881,20,1.0,0.05,yes
PRV52887,23,0.0,0.0,no
PRV52889,31,0.0,0.0,no
PRV52890,4,1.0,0.25,yes
PRV52892,7,0.0,0.0,no
PRV52896,17,0.0,0.0,no
PRV52898,48,2.0,0.041666666666666664,yes
PRV52902,21,0.0,0.0,no
PRV52903,167,3.0,0.017964071856287425,yes
PRV52904,1,0.0,0.0,no
PRV52910,10,0.0,0.0,no
PRV52912,1,0.0,0.0,no
PRV52916,6,0.0,0.0,no
PRV52918,13,0.0,0.0,no
PRV52920,2,0.0,0.0,no
PRV52921,3,0.0,0.0,no
PRV52922,7,1.0,0.14285714285714285,yes
PRV52924,3,0.0,0.0,no
PRV52925,4,1.0,0.25,yes
PRV52926,4,0.0,0.0,no
PRV52933,4,0.0,0.0,no
PRV52936,4,0.0,0.0,no
PRV52970,1,0.0,0.0,no
PRV52971,3,0.0,0.0,no
PRV52972,17,1.0,0.058823529411764705,yes
PRV52976,4,0.0,0.0,no
PRV52978,5,0.0,0.0,no
PRV52979,6,0.0,0.0,no
PRV52985,121,6.0,0.049586776859504134,yes
PRV52986,9,0.0,0.0,no
PRV52989,70,1.0,0.014285714285714285,yes
PRV52990,22,2.0,0.09090909090909091,yes
PRV52991,8,0.0,0.0,no
PRV52998,15,2.0,0.13333333333333333,yes
PRV52999,8,0.0,0.0,no
PRV53005,16,1.0,0.0625,yes
PRV53007,37,0.0,0.0,no
PRV53008,39,0.0,0.0,no
PRV53009,5,0.0,0.0,no
PRV53021,18,1.0,0.05555555555555555,yes
PRV53024,2,0.0,0.0,no
PRV53029,4,0.0,0.0,no
PRV53032,5,0.0,0.0,no
PRV53033,2,0.0,0.0,no
PRV53040,5,0.0,0.0,no
PRV53050,2,1.0,0.5,yes
PRV53052,1,0.0,0.0,no
PRV53061,1,0.0,0.0,no
PRV53063,2,0.0,0.0,no
PRV53070,12,1.0,0.08333333333333333,yes
PRV53091,4,0.0,0.0,no
PRV53095,2,0.0,0.0,no
PRV53100,5,0.0,0.0,no
PRV53101,2,1.0,0.5,yes
PRV53103,7,0.0,0.0,no
PRV53104,28,2.0,0.07142857142857142,yes
PRV53106,4,0.0,0.0,no
PRV53107,9,0.0,0.0,no
PRV53108,5,0.0,0.0,no
PRV53109,3,0.0,0.0,no
PRV53110,1,0.0,0.0,no
PRV53111,7,1.0,0.14285714285714285,yes
PRV53114,14,0.0,0.0,no
PRV53117,18,0.0,0.0,no
PRV53119,3,0.0,0.0,no
PRV53120,10,0.0,0.0,no
PRV53121,48,1.0,0.020833333333333332,yes
PRV53124,20,1.0,0.05,yes
PRV53127,1,0.0,0.0,no
PRV53128,1,0.0,0.0,no
PRV53129,3,1.0,0.3333333333333333,yes
PRV53131,6,0.0,0.0,no
PRV53135,7,0.0,0.0,no
PRV53136,7,0.0,0.0,no
PRV53141,32,3.0,0.09375,yes
PRV53142,39,0.0,0.0,no
PRV53143,4,0.0,0.0,no
PRV53144,4,0.0,0.0,no
PRV53153,6,0.0,0.0,no
PRV53159,2,0.0,0.0,no
PRV53166,1,0.0,0.0,no
PRV53179,2,0.0,0.0,no
PRV53189,4,0.0,0.0,no
PRV53208,4,1.0,0.25,yes
PRV53210,3,0.0,0.0,no
PRV53220,5,0.0,0.0,no
PRV53225,49,1.0,0.02040816326530612,yes
PRV53226,19,0.0,0.0,no
PRV53233,13,0.0,0.0,no
PRV53236,9,0.0,0.0,no
PRV53238,9,0.0,0.0,no
PRV53239,19,0.0,0.0,no
PRV53240,1,0.0,0.0,no
PRV53242,105,5.0,0.047619047619047616,yes
PRV53243,9,1.0,0.1111111111111111,yes
PRV53244,42,2.0,0.047619047619047616,yes
PRV53245,16,0.0,0.0,no
PRV53246,2,0.0,0.0,no
PRV53247,7,0.0,0.0,no
PRV53248,5,0.0,0.0,no
PRV53249,6,0.0,0.0,no
PRV53251,4,0.0,0.0,no
PRV53252,4,0.0,0.0,no
PRV53256,36,0.0,0.0,no
PRV53258,3,0.0,0.0,no
PRV53260,2,1.0,0.5,yes
PRV53265,27,1.0,0.037037037037037035,yes
PRV53266,88,4.0,0.045454545454545456,yes
PRV53268,7,0.0,0.0,no
PRV53269,112,5.0,0.044642857142857144,yes
PRV53272,4,0.0,0.0,no
PRV53277,15,0.0,0.0,no
PRV53279,1,0.0,0.0,no
PRV53281,21,0.0,0.0,no
PRV53283,3,0.0,0.0,no
PRV53284,6,0.0,0.0,no
PRV53289,1,0.0,0.0,no
PRV53292,5,0.0,0.0,no
PRV53295,29,1.0,0.034482758620689655,yes
PRV53297,15,1.0,0.06666666666666667,yes
PRV53298,8,0.0,0.0,no
PRV53304,2,0.0,0.0,no
PRV53305,1,0.0,0.0,no
PRV53308,7,1.0,0.14285714285714285,yes
PRV53309,4,0.0,0.0,no
PRV53312,1,0.0,0.0,no
PRV53314,4,0.0,0.0,no
PRV53317,5,0.0,0.0,no
PRV53319,13,0.0,0.0,no
PRV53320,3,0.0,0.0,no
PRV53329,1,0.0,0.0,no
PRV53336,3,0.0,0.0,no
PRV53377,7,0.0,0.0,no
PRV53378,10,0.0,0.0,no
PRV53379,11,0.0,0.0,no
PRV53380,4,0.0,0.0,no
PRV53381,11,1.0,0.09090909090909091,yes
PRV53383,4,0.0,0.0,no
PRV53384,38,0.0,0.0,no
PRV53385,106,5.0,0.04716981132075472,yes
PRV53387,3,0.0,0.0,no
PRV53388,11,0.0,0.0,no
PRV53389,1,0.0,0.0,no
PRV53393,2,0.0,0.0,no
PRV53394,47,1.0,0.02127659574468085,yes
PRV53396,45,0.0,0.0,no
PRV53397,3,0.0,0.0,no
PRV53398,1,0.0,0.0,no
PRV53399,7,0.0,0.0,no
PRV53401,130,2.0,0.015384615384615385,yes
PRV53405,21,2.0,0.09523809523809523,yes
PRV53407,3,0.0,0.0,no
PRV53408,10,1.0,0.1,yes
PRV53409,3,0.0,0.0,no
PRV53413,2,0.0,0.0,no
PRV53416,1,0.0,0.0,no
PRV53417,7,0.0,0.0,no
PRV53419,5,0.0,0.0,no
PRV53421,95,4.0,0.042105263157894736,yes
PRV53423,5,0.0,0.0,no
PRV53424,37,0.0,0.0,no
PRV53429,1,0.0,0.0,no
PRV53431,1,0.0,0.0,no
PRV53432,13,0.0,0.0,no
PRV53436,3,0.0,0.0,no
PRV53437,1,0.0,0.0,no
PRV53438,8,0.0,0.0,no
PRV53440,1,0.0,0.0,no
PRV53441,14,0.0,0.0,no
PRV53442,8,1.0,0.125,yes
PRV53444,10,1.0,0.1,yes
PRV53448,10,0.0,0.0,no
PRV53449,1,0.0,0.0,no
PRV53451,5,0.0,0.0,no
PRV53453,4,0.0,0.0,no
PRV53456,5,0.0,0.0,no
PRV53461,14,2.0,0.14285714285714285,yes
PRV53463,3,0.0,0.0,no
PRV53465,3,0.0,0.0,no
PRV53471,1,0.0,0.0,no
PRV53483,2,0.0,0.0,no
PRV53489,5,1.0,0.2,yes
PRV53507,9,0.0,0.0,no
PRV53509,1,0.0,0.0,no
PRV53510,2,0.0,0.0,no
PRV53511,1,0.0,0.0,no
PRV53513,2,0.0,0.0,no
PRV53515,1,0.0,0.0,no
PRV53516,1,0.0,0.0,no
PRV53517,2,0.0,0.0,no
PRV53519,9,0.0,0.0,no
PRV53590,7,1.0,0.14285714285714285,yes
PRV53591,6,0.0,0.0,no
PRV53597,6,0.0,0.0,no
PRV53598,8,1.0,0.125,yes
PRV53599,3,0.0,0.0,no
PRV53600,1,0.0,0.0,no
PRV53601,2,1.0,0.5,yes
PRV53602,4,1.0,0.25,yes
PRV53604,6,0.0,0.0,no
PRV53609,2,0.0,0.0,no
PRV53612,6,0.0,0.0,no
PRV53613,15,0.0,0.0,no
PRV53616,2,0.0,0.0,no
PRV53618,12,1.0,0.08333333333333333,yes
PRV53620,6,0.0,0.0,no
PRV53626,1,0.0,0.0,no
PRV53628,4,0.0,0.0,no
PRV53632,2,0.0,0.0,no
PRV53635,5,0.0,0.0,no
PRV53667,9,0.0,0.0,no
PRV53668,16,1.0,0.0625,yes
PRV53671,31,1.0,0.03225806451612903,yes
PRV53673,14,1.0,0.07142857142857142,yes
PRV53675,76,4.0,0.05263157894736842,yes
PRV53677,63,3.0,0.047619047619047616,yes
PRV53683,2,0.0,0.0,no
PRV53692,146,5.0,0.03424657534246575,yes
PRV53697,71,2.0,0.028169014084507043,yes
PRV53699,2,0.0,0.0,no
PRV53705,4,0.0,0.0,no
PRV53706,282,2.0,0.0070921985815602835,yes
PRV53710,58,2.0,0.034482758620689655,yes
PRV53712,161,5.0,0.031055900621118012,yes
PRV53746,6,0.0,0.0,no
PRV53749,24,1.0,0.041666666666666664,yes
PRV53750,1,0.0,0.0,no
PRV53757,1,0.0,0.0,no
PRV53762,84,3.0,0.03571428571428571,yes
PRV53763,58,2.0,0.034482758620689655,yes
PRV53764,1,0.0,0.0,no
PRV53768,5,0.0,0.0,no
PRV53769,132,3.0,0.022727272727272728,yes
PRV53770,77,2.0,0.025974025974025976,yes
PRV53774,50,0.0,0.0,no
PRV53775,2,0.0,0.0,no
PRV53776,47,1.0,0.02127659574468085,yes
PRV53781,79,2.0,0.02531645569620253,yes
PRV53786,36,0.0,0.0,no
PRV53787,32,3.0,0.09375,yes
PRV53790,44,3.0,0.06818181818181818,yes
PRV53791,6,0.0,0.0,no
PRV53792,33,0.0,0.0,no
PRV53799,14,0.0,0.0,no
PRV53802,46,1.0,0.021739130434782608,yes
PRV53807,36,2.0,0.05555555555555555,yes
PRV53808,195,6.0,0.03076923076923077,yes
PRV53814,3,0.0,0.0,no
PRV53855,20,1.0,0.05,yes
PRV53857,10,0.0,0.0,no
PRV53861,2,0.0,0.0,no
PRV53862,4,0.0,0.0,no
PRV53865,6,1.0,0.16666666666666666,yes
PRV53867,9,1.0,0.1111111111111111,yes
PRV53868,10,0.0,0.0,no
PRV53872,9,1.0,0.1111111111111111,yes
PRV53873,14,4.0,0.2857142857142857,yes
PRV53878,5,1.0,0.2,yes
PRV53884,117,5.0,0.042735042735042736,yes
PRV53885,6,0.0,0.0,no
PRV53889,9,0.0,0.0,no
PRV53892,8,0.0,0.0,no
PRV53894,15,0.0,0.0,no
PRV53910,27,2.0,0.07407407407407407,yes
PRV53911,14,1.0,0.07142857142857142,yes
PRV53917,7,0.0,0.0,no
PRV53919,6,0.0,0.0,no
PRV53920,3,0.0,0.0,no
PRV53921,9,0.0,0.0,no
PRV53923,30,0.0,0.0,no
PRV53925,20,0.0,0.0,no
PRV53928,3,0.0,0.0,no
PRV53931,3,0.0,0.0,no
PRV53932,82,5.0,0.06097560975609756,yes
PRV53937,17,0.0,0.0,no
PRV53938,82,0.0,0.0,no
PRV53939,6,0.0,0.0,no
PRV53941,6,0.0,0.0,no
PRV53942,8,0.0,0.0,no
PRV53943,8,0.0,0.0,no
PRV53951,22,2.0,0.09090909090909091,yes
PRV53958,23,0.0,0.0,no
PRV53959,76,1.0,0.013157894736842105,yes
PRV53961,97,6.0,0.061855670103092786,yes
PRV53963,4,0.0,0.0,no
PRV53970,3,0.0,0.0,no
PRV53972,6,0.0,0.0,no
PRV53985,8,0.0,0.0,no
PRV53986,11,1.0,0.09090909090909091,yes
PRV53989,1,0.0,0.0,no
PRV53990,5,0.0,0.0,no
PRV53996,2,1.0,0.5,yes
PRV54001,8,0.0,0.0,no
PRV54051,5,1.0,0.2,yes
PRV54052,6,0.0,0.0,no
PRV54054,1,0.0,0.0,no
PRV54055,25,0.0,0.0,no
PRV54056,21,0.0,0.0,no
PRV54058,35,1.0,0.02857142857142857,yes
PRV54059,18,1.0,0.05555555555555555,yes
PRV54060,16,0.0,0.0,no
PRV54061,4,0.0,0.0,no
PRV54062,2,0.0,0.0,no
PRV54063,1,0.0,0.0,no
PRV54064,16,1.0,0.0625,yes
PRV54065,24,2.0,0.08333333333333333,yes
PRV54071,8,0.0,0.0,no
PRV54072,6,0.0,0.0,no
PRV54073,7,0.0,0.0,no
PRV54074,23,0.0,0.0,no
PRV54075,32,0.0,0.0,no
PRV54076,9,1.0,0.1111111111111111,yes
PRV54077,52,0.0,0.0,no
PRV54078,20,2.0,0.1,yes
PRV54081,11,1.0,0.09090909090909091,yes
PRV54082,5,0.0,0.0,no
PRV54083,8,0.0,0.0,no
PRV54084,8,0.0,0.0,no
PRV54085,58,0.0,0.0,no
PRV54089,7,1.0,0.14285714285714285,yes
PRV54090,32,1.0,0.03125,yes
PRV54093,41,1.0,0.024390243902439025,yes
PRV54098,9,0.0,0.0,no
PRV54099,14,1.0,0.07142857142857142,yes
PRV54101,11,0.0,0.0,no
PRV54102,9,0.0,0.0,no
PRV54103,8,0.0,0.0,no
PRV54106,5,1.0,0.2,yes
PRV54111,54,2.0,0.037037037037037035,yes
PRV54114,3,0.0,0.0,no
PRV54134,2,0.0,0.0,no
PRV54139,5,0.0,0.0,no
PRV54149,5,0.0,0.0,no
PRV54153,3,0.0,0.0,no
PRV54155,1,0.0,0.0,no
PRV54164,1,0.0,0.0,no
PRV54168,1,0.0,0.0,no
PRV54200,13,0.0,0.0,no
PRV54201,4,0.0,0.0,no
PRV54202,10,0.0,0.0,no
PRV54204,4,0.0,0.0,no
PRV54205,9,3.0,0.3333333333333333,yes
PRV54206,1,0.0,0.0,no
PRV54208,10,2.0,0.2,yes
PRV54209,20,1.0,0.05,yes
PRV54213,21,1.0,0.047619047619047616,yes
PRV54215,14,0.0,0.0,no
PRV54216,10,0.0,0.0,no
PRV54220,8,0.0,0.0,no
PRV54228,41,1.0,0.024390243902439025,yes
PRV54230,44,1.0,0.022727272727272728,yes
PRV54232,8,0.0,0.0,no
PRV54233,1,0.0,0.0,no
PRV54242,4,0.0,0.0,no
PRV54244,49,1.0,0.02040816326530612,yes
PRV54245,14,0.0,0.0,no
PRV54247,4,0.0,0.0,no
PRV54251,6,0.0,0.0,no
PRV54253,4,0.0,0.0,no
PRV54256,5,0.0,0.0,no
PRV54258,118,3.0,0.025423728813559324,yes
PRV54259,12,0.0,0.0,no
PRV54262,1,0.0,0.0,no
PRV54263,1,0.0,0.0,no
PRV54266,21,0.0,0.0,no
PRV54276,4,0.0,0.0,no
PRV54284,8,0.0,0.0,no
PRV54297,8,0.0,0.0,no
PRV54298,3,0.0,0.0,no
PRV54324,32,0.0,0.0,no
PRV54325,15,0.0,0.0,no
PRV54326,5,0.0,0.0,no
PRV54327,13,2.0,0.15384615384615385,yes
PRV54328,17,1.0,0.058823529411764705,yes
PRV54330,18,2.0,0.1111111111111111,yes
PRV54333,50,3.0,0.06,yes
PRV54335,19,0.0,0.0,no
PRV54336,14,0.0,0.0,no
PRV54337,64,5.0,0.078125,yes
PRV54339,11,1.0,0.09090909090909091,yes
PRV54340,3,0.0,0.0,no
PRV54341,1,0.0,0.0,no
PRV54342,7,1.0,0.14285714285714285,yes
PRV54348,91,1.0,0.01098901098901099,yes
PRV54350,105,4.0,0.0380952380952381,yes
PRV54354,25,2.0,0.08,yes
PRV54355,2,0.0,0.0,no
PRV54356,15,0.0,0.0,no
PRV54359,44,0.0,0.0,no
PRV54361,7,1.0,0.14285714285714285,yes
PRV54363,12,1.0,0.08333333333333333,yes
PRV54367,322,15.0,0.046583850931677016,yes
PRV54368,4,0.0,0.0,no
PRV54372,21,0.0,0.0,no
PRV54373,1,0.0,0.0,no
PRV54375,16,0.0,0.0,no
PRV54377,2,0.0,0.0,no
PRV54378,18,2.0,0.1111111111111111,yes
PRV54379,28,1.0,0.03571428571428571,yes
PRV54380,2,0.0,0.0,no
PRV54381,13,2.0,0.15384615384615385,yes
PRV54382,66,1.0,0.015151515151515152,yes
PRV54384,2,0.0,0.0,no
PRV54388,6,0.0,0.0,no
PRV54390,38,1.0,0.02631578947368421,yes
PRV54391,21,2.0,0.09523809523809523,yes
PRV54393,5,0.0,0.0,no
PRV54396,1,0.0,0.0,no
PRV54399,13,1.0,0.07692307692307693,yes
PRV54402,6,1.0,0.16666666666666666,yes
PRV54404,2,0.0,0.0,no
PRV54408,2,0.0,0.0,no
PRV54409,5,1.0,0.2,yes
PRV54411,1,0.0,0.0,no
PRV54414,1,0.0,0.0,no
PRV54425,4,0.0,0.0,no
PRV54426,9,0.0,0.0,no
PRV54429,3,0.0,0.0,no
PRV54434,2,0.0,0.0,no
PRV54460,5,0.0,0.0,no
PRV54461,12,0.0,0.0,no
PRV54480,6,0.0,0.0,no
PRV54497,5,0.0,0.0,no
PRV54498,1,0.0,0.0,no
PRV54499,1,0.0,0.0,no
PRV54500,2,0.0,0.0,no
PRV54501,3,0.0,0.0,no
PRV54502,3,0.0,0.0,no
PRV54503,1,0.0,0.0,no
PRV54504,44,1.0,0.022727272727272728,yes
PRV54505,5,0.0,0.0,no
PRV54506,3,1.0,0.3333333333333333,yes
PRV54507,39,2.0,0.05128205128205128,yes
PRV54514,48,3.0,0.0625,yes
PRV54531,1,1.0,1.0,yes
PRV54541,2,0.0,0.0,no
PRV54542,5,0.0,0.0,no
PRV54543,3,0.0,0.0,no
PRV54555,6,0.0,0.0,no
PRV54558,15,0.0,0.0,no
PRV54559,24,1.0,0.041666666666666664,yes
PRV54560,40,1.0,0.025,yes
PRV54561,25,0.0,0.0,no
PRV54565,39,2.0,0.05128205128205128,yes
PRV54566,40,1.0,0.025,yes
PRV54567,6,1.0,0.16666666666666666,yes
PRV54568,5,0.0,0.0,no
PRV54569,12,0.0,0.0,no
PRV54571,4,0.0,0.0,no
PRV54575,33,2.0,0.06060606060606061,yes
PRV54576,14,0.0,0.0,no
PRV54577,45,2.0,0.044444444444444446,yes
PRV54590,1,0.0,0.0,no
PRV54611,1,0.0,0.0,no
PRV54616,2,0.0,0.0,no
PRV54620,7,0.0,0.0,no
PRV54637,13,0.0,0.0,no
PRV54638,6,0.0,0.0,no
PRV54639,13,0.0,0.0,no
PRV54640,7,1.0,0.14285714285714285,yes
PRV54644,22,0.0,0.0,no
PRV54649,22,2.0,0.09090909090909091,yes
PRV54651,21,0.0,0.0,no
PRV54653,40,0.0,0.0,no
PRV54657,17,0.0,0.0,no
PRV54658,27,2.0,0.07407407407407407,yes
PRV54661,3,1.0,0.3333333333333333,yes
PRV54662,3,0.0,0.0,no
PRV54666,1,0.0,0.0,no
PRV54667,9,0.0,0.0,no
PRV54668,1,0.0,0.0,no
PRV54673,1,0.0,0.0,no
PRV54674,3,0.0,0.0,no
PRV54675,37,0.0,0.0,no
PRV54676,40,1.0,0.025,yes
PRV54679,1,0.0,0.0,no
PRV54680,18,0.0,0.0,no
PRV54682,6,0.0,0.0,no
PRV54686,14,1.0,0.07142857142857142,yes
PRV54688,11,1.0,0.09090909090909091,yes
PRV54691,7,0.0,0.0,no
PRV54692,48,1.0,0.020833333333333332,yes
PRV54693,2,0.0,0.0,no
PRV54696,6,0.0,0.0,no
PRV54697,1,0.0,0.0,no
PRV54705,20,1.0,0.05,yes
PRV54718,29,1.0,0.034482758620689655,yes
PRV54720,9,0.0,0.0,no
PRV54724,48,1.0,0.020833333333333332,yes
PRV54726,2,0.0,0.0,no
PRV54728,2,0.0,0.0,no
PRV54735,5,0.0,0.0,no
PRV54737,13,0.0,0.0,no
PRV54739,45,0.0,0.0,no
PRV54742,231,8.0,0.03463203463203463,yes
PRV54743,7,0.0,0.0,no
PRV54745,10,0.0,0.0,no
PRV54756,3,0.0,0.0,no
PRV54757,15,3.0,0.2,yes
PRV54759,5,0.0,0.0,no
PRV54760,24,2.0,0.08333333333333333,yes
PRV54764,13,0.0,0.0,no
PRV54765,196,7.0,0.03571428571428571,yes
PRV54767,8,0.0,0.0,no
PRV54768,7,0.0,0.0,no
PRV54771,12,1.0,0.08333333333333333,yes
PRV54772,109,3.0,0.027522935779816515,yes
PRV54773,10,0.0,0.0,no
PRV54774,5,1.0,0.2,yes
PRV54776,5,1.0,0.2,yes
PRV54778,64,2.0,0.03125,yes
PRV54779,9,0.0,0.0,no
PRV54781,71,3.0,0.04225352112676056,yes
PRV54785,2,0.0,0.0,no
PRV54787,24,2.0,0.08333333333333333,yes
PRV54789,3,0.0,0.0,no
PRV54812,12,1.0,0.08333333333333333,yes
PRV54817,1,0.0,0.0,no
PRV54818,5,0.0,0.0,no
PRV54819,23,0.0,0.0,no
PRV54820,1,0.0,0.0,no
PRV54821,7,0.0,0.0,no
PRV54822,16,2.0,0.125,yes
PRV54824,10,0.0,0.0,no
PRV54828,3,0.0,0.0,no
PRV54830,1,0.0,0.0,no
PRV54831,4,0.0,0.0,no
PRV54832,5,0.0,0.0,no
PRV54834,6,0.0,0.0,no
PRV54841,3,0.0,0.0,no
PRV54842,3,0.0,0.0,no
PRV54845,8,1.0,0.125,yes
PRV54846,9,0.0,0.0,no
PRV54847,10,2.0,0.2,yes
PRV54848,24,0.0,0.0,no
PRV54875,20,1.0,0.05,yes
PRV54876,3,0.0,0.0,no
PRV54878,1,0.0,0.0,no
PRV54879,60,3.0,0.05,yes
PRV54881,33,0.0,0.0,no
PRV54882,32,1.0,0.03125,yes
PRV54883,1,0.0,0.0,no
PRV54885,36,1.0,0.027777777777777776,yes
PRV54889,7,1.0,0.14285714285714285,yes
PRV54890,4,0.0,0.0,no
PRV54891,6,0.0,0.0,no
PRV54894,138,8.0,0.057971014492753624,yes
PRV54895,3,0.0,0.0,no
PRV54896,56,2.0,0.03571428571428571,yes
PRV54898,9,0.0,0.0,no
PRV54901,8,0.0,0.0,no
PRV54902,1,1.0,1.0,yes
PRV54903,7,0.0,0.0,no
PRV54905,4,1.0,0.25,yes
PRV54906,8,0.0,0.0,no
PRV54909,8,1.0,0.125,yes
PRV54910,3,0.0,0.0,no
PRV54914,14,0.0,0.0,no
PRV54916,16,0.0,0.0,no
PRV54917,15,1.0,0.06666666666666667,yes
PRV54918,71,0.0,0.0,no
PRV54919,4,0.0,0.0,no
PRV54924,21,1.0,0.047619047619047616,yes
PRV54925,39,0.0,0.0,no
PRV54926,8,0.0,0.0,no
PRV54929,15,0.0,0.0,no
PRV54930,5,0.0,0.0,no
PRV54931,24,0.0,0.0,no
PRV54932,1,0.0,0.0,no
PRV54933,29,2.0,0.06896551724137931,yes
PRV54934,18,0.0,0.0,no
PRV54935,3,0.0,0.0,no
PRV54936,131,3.0,0.022900763358778626,yes
PRV54937,3,1.0,0.3333333333333333,yes
PRV54942,20,0.0,0.0,no
PRV54943,2,0.0,0.0,no
PRV54949,42,1.0,0.023809523809523808,yes
PRV54950,5,0.0,0.0,no
PRV54952,12,1.0,0.08333333333333333,yes
PRV54955,205,6.0,0.02926829268292683,yes
PRV54959,7,0.0,0.0,no
PRV54963,1,0.0,0.0,no
PRV54965,9,0.0,0.0,no
PRV54968,10,0.0,0.0,no
PRV54970,6,1.0,0.16666666666666666,yes
PRV54971,52,2.0,0.038461538461538464,yes
PRV54973,9,0.0,0.0,no
PRV54977,5,0.0,0.0,no
PRV54981,81,5.0,0.06172839506172839,yes
PRV54986,153,6.0,0.0392156862745098,yes
PRV54990,4,0.0,0.0,no
PRV54993,8,0.0,0.0,no
PRV54997,5,1.0,0.2,yes
PRV54998,59,0.0,0.0,no
PRV54999,3,0.0,0.0,no
PRV55000,86,3.0,0.03488372093023256,yes
PRV55003,5,1.0,0.2,yes
PRV55004,3,1.0,0.3333333333333333,yes
PRV55005,56,2.0,0.03571428571428571,yes
PRV55006,3,0.0,0.0,no
PRV55018,63,2.0,0.031746031746031744,yes
PRV55019,158,7.0,0.04430379746835443,yes
PRV55022,76,0.0,0.0,no
PRV55023,34,0.0,0.0,no
PRV55024,3,0.0,0.0,no
PRV55027,13,0.0,0.0,no
PRV55028,20,1.0,0.05,yes
PRV55029,14,0.0,0.0,no
PRV55030,73,1.0,0.0136986301369863,yes
PRV55031,4,0.0,0.0,no
PRV55032,1,0.0,0.0,no
PRV55034,26,1.0,0.038461538461538464,yes
PRV55037,11,0.0,0.0,no
PRV55039,31,1.0,0.03225806451612903,yes
PRV55041,5,0.0,0.0,no
PRV55042,8,0.0,0.0,no
PRV55048,82,1.0,0.012195121951219513,yes
PRV55049,75,2.0,0.02666666666666667,yes
PRV55051,7,1.0,0.14285714285714285,yes
PRV55067,1,0.0,0.0,no
PRV55118,2,0.0,0.0,no
PRV55120,8,0.0,0.0,no
PRV55121,20,1.0,0.05,yes
PRV55122,1,0.0,0.0,no
PRV55124,9,2.0,0.2222222222222222,yes
PRV55126,2,1.0,0.5,yes
PRV55128,8,0.0,0.0,no
PRV55129,1,0.0,0.0,no
PRV55130,3,0.0,0.0,no
PRV55131,2,0.0,0.0,no
PRV55132,10,0.0,0.0,no
PRV55133,2,0.0,0.0,no
PRV55134,1,0.0,0.0,no
PRV55135,3,0.0,0.0,no
PRV55136,8,0.0,0.0,no
PRV55137,2,0.0,0.0,no
PRV55138,3,0.0,0.0,no
PRV55140,9,0.0,0.0,no
PRV55143,1,0.0,0.0,no
PRV55144,2,0.0,0.0,no
PRV55145,14,1.0,0.07142857142857142,yes
PRV55146,1,0.0,0.0,no
PRV55147,6,0.0,0.0,no
PRV55148,1,0.0,0.0,no
PRV55149,16,0.0,0.0,no
PRV55150,4,0.0,0.0,no
PRV55151,1,0.0,0.0,no
PRV55152,10,0.0,0.0,no
PRV55155,9,1.0,0.1111111111111111,yes
PRV55156,1,1.0,1.0,yes
PRV55157,3,1.0,0.3333333333333333,yes
PRV55158,29,2.0,0.06896551724137931,yes
PRV55160,10,0.0,0.0,no
PRV55161,2,0.0,0.0,no
PRV55163,1,0.0,0.0,no
PRV55164,17,0.0,0.0,no
PRV55165,30,1.0,0.03333333333333333,yes
PRV55169,83,2.0,0.024096385542168676,yes
PRV55171,41,2.0,0.04878048780487805,yes
PRV55172,55,3.0,0.05454545454545454,yes
PRV55175,23,0.0,0.0,no
PRV55176,1,0.0,0.0,no
PRV55178,2,0.0,0.0,no
PRV55179,16,3.0,0.1875,yes
PRV55180,7,1.0,0.14285714285714285,yes
PRV55181,35,0.0,0.0,no
PRV55183,21,0.0,0.0,no
PRV55184,1,0.0,0.0,no
PRV55185,5,0.0,0.0,no
PRV55188,4,0.0,0.0,no
PRV55189,36,1.0,0.027777777777777776,yes
PRV55192,15,0.0,0.0,no
PRV55193,31,1.0,0.03225806451612903,yes
PRV55194,169,4.0,0.023668639053254437,yes
PRV55195,16,0.0,0.0,no
PRV55196,6,0.0,0.0,no
PRV55198,2,0.0,0.0,no
PRV55203,5,0.0,0.0,no
PRV55205,38,3.0,0.07894736842105263,yes
PRV55208,7,1.0,0.14285714285714285,yes
PRV55209,275,13.0,0.04727272727272727,yes
PRV55213,3,0.0,0.0,no
PRV55215,143,8.0,0.055944055944055944,yes
PRV55216,5,0.0,0.0,no
PRV55225,9,0.0,0.0,no
PRV55229,16,2.0,0.125,yes
PRV55230,225,9.0,0.04,yes
PRV55232,28,1.0,0.03571428571428571,yes
PRV55233,1,0.0,0.0,no
PRV55234,7,0.0,0.0,no
PRV55236,20,2.0,0.1,yes
PRV55237,15,1.0,0.06666666666666667,yes
PRV55240,11,1.0,0.09090909090909091,yes
PRV55242,10,0.0,0.0,no
PRV55247,3,0.0,0.0,no
PRV55250,23,1.0,0.043478260869565216,yes
PRV55256,4,0.0,0.0,no
PRV55258,1,0.0,0.0,no
PRV55262,16,1.0,0.0625,yes
PRV55266,9,0.0,0.0,no
PRV55269,3,0.0,0.0,no
PRV55270,1,0.0,0.0,no
PRV55374,33,1.0,0.030303030303030304,yes
PRV55375,14,0.0,0.0,no
PRV55378,14,1.0,0.07142857142857142,yes
PRV55379,4,0.0,0.0,no
PRV55381,20,1.0,0.05,yes
PRV55382,8,0.0,0.0,no
PRV55383,8,0.0,0.0,no
PRV55385,8,0.0,0.0,no
PRV55387,6,1.0,0.16666666666666666,yes
PRV55392,23,0.0,0.0,no
PRV55396,15,0.0,0.0,no
PRV55399,3,0.0,0.0,no
PRV55414,2,0.0,0.0,no
PRV55416,2,0.0,0.0,no
PRV55418,3,0.0,0.0,no
PRV55428,1,0.0,0.0,no
PRV55430,7,0.0,0.0,no
PRV55431,2,0.0,0.0,no
PRV55433,32,0.0,0.0,no
PRV55434,8,0.0,0.0,no
PRV55435,128,8.0,0.0625,yes
PRV55437,28,0.0,0.0,no
PRV55441,7,0.0,0.0,no
PRV55442,15,0.0,0.0,no
PRV55443,30,1.0,0.03333333333333333,yes
PRV55444,114,5.0,0.043859649122807015,yes
PRV55450,1,0.0,0.0,no
PRV55452,31,1.0,0.03225806451612903,yes
PRV55453,13,1.0,0.07692307692307693,yes
PRV55454,5,0.0,0.0,no
PRV55456,5,0.0,0.0,no
PRV55462,386,19.0,0.04922279792746114,yes
PRV55465,9,0.0,0.0,no
PRV55467,6,0.0,0.0,no
PRV55472,21,1.0,0.047619047619047616,yes
PRV55481,1,0.0,0.0,no
PRV55482,41,1.0,0.024390243902439025,yes
PRV55483,65,0.0,0.0,no
PRV55490,19,4.0,0.21052631578947367,yes
PRV55492,25,1.0,0.04,yes
PRV55494,1,0.0,0.0,no
PRV55495,24,1.0,0.041666666666666664,yes
PRV55496,41,0.0,0.0,no
PRV55501,1,0.0,0.0,no
PRV55503,1,0.0,0.0,no
PRV55506,12,1.0,0.08333333333333333,yes
PRV55507,3,1.0,0.3333333333333333,yes
PRV55509,28,1.0,0.03571428571428571,yes
PRV55514,7,1.0,0.14285714285714285,yes
PRV55516,22,1.0,0.045454545454545456,yes
PRV55518,11,1.0,0.09090909090909091,yes
PRV55519,7,0.0,0.0,no
PRV55531,108,5.0,0.046296296296296294,yes
PRV55536,11,1.0,0.09090909090909091,yes
PRV55540,23,0.0,0.0,no
PRV55543,4,0.0,0.0,no
PRV55547,9,0.0,0.0,no
PRV55550,37,2.0,0.05405405405405406,yes
PRV55552,4,0.0,0.0,no
PRV55555,7,3.0,0.42857142857142855,yes
PRV55557,4,0.0,0.0,no
PRV55567,21,1.0,0.047619047619047616,yes
PRV55573,4,0.0,0.0,no
PRV55576,3,0.0,0.0,no
PRV55583,3,0.0,0.0,no
PRV55586,2,0.0,0.0,no
PRV55600,4,0.0,0.0,no
PRV55603,2,0.0,0.0,no
PRV55604,17,0.0,0.0,no
PRV55606,4,0.0,0.0,no
PRV55658,15,0.0,0.0,no
PRV55659,20,1.0,0.05,yes
PRV55660,4,0.0,0.0,no
PRV55661,14,1.0,0.07142857142857142,yes
PRV55662,28,2.0,0.07142857142857142,yes
PRV55663,7,1.0,0.14285714285714285,yes
PRV55664,20,0.0,0.0,no
PRV55665,1,0.0,0.0,no
PRV55666,19,2.0,0.10526315789473684,yes
PRV55667,38,0.0,0.0,no
PRV55668,4,0.0,0.0,no
PRV55670,9,0.0,0.0,no
PRV55671,2,0.0,0.0,no
PRV55673,9,1.0,0.1111111111111111,yes
PRV55675,2,0.0,0.0,no
PRV55676,115,4.0,0.034782608695652174,yes
PRV55678,9,0.0,0.0,no
PRV55679,9,0.0,0.0,no
PRV55680,5,0.0,0.0,no
PRV55682,6,0.0,0.0,no
PRV55687,5,1.0,0.2,yes
PRV55688,1,0.0,0.0,no
PRV55689,104,5.0,0.04807692307692308,yes
PRV55690,15,1.0,0.06666666666666667,yes
PRV55691,3,1.0,0.3333333333333333,yes
PRV55692,3,0.0,0.0,no
PRV55699,1,0.0,0.0,no
PRV55700,3,0.0,0.0,no
PRV55703,3,0.0,0.0,no
PRV55704,4,0.0,0.0,no
PRV55706,1,0.0,0.0,no
PRV55707,7,0.0,0.0,no
PRV55709,16,0.0,0.0,no
PRV55710,6,0.0,0.0,no
PRV55714,3,0.0,0.0,no
PRV55715,57,1.0,0.017543859649122806,yes
PRV55720,4,0.0,0.0,no
PRV55732,12,0.0,0.0,no
PRV55736,4,0.0,0.0,no
PRV55737,19,1.0,0.05263157894736842,yes
PRV55739,19,0.0,0.0,no
PRV55742,6,0.0,0.0,no
PRV55743,5,0.0,0.0,no
PRV55753,8,0.0,0.0,no
PRV55755,11,1.0,0.09090909090909091,yes
PRV55764,1,0.0,0.0,no
PRV55765,2,0.0,0.0,no
PRV55769,2,0.0,0.0,no
PRV55774,4,0.0,0.0,no
PRV55775,1,0.0,0.0,no
PRV55780,6,0.0,0.0,no
PRV55783,4,0.0,0.0,no
PRV55790,5,0.0,0.0,no
PRV55791,10,0.0,0.0,no
PRV55792,1,0.0,0.0,no
PRV55793,6,0.0,0.0,no
PRV55809,10,0.0,0.0,no
PRV55810,1,0.0,0.0,no
PRV55811,2,1.0,0.5,yes
PRV55812,17,0.0,0.0,no
PRV55813,7,0.0,0.0,no
PRV55815,4,0.0,0.0,no
PRV55816,1,0.0,0.0,no
PRV55817,25,1.0,0.04,yes
PRV55818,2,0.0,0.0,no
PRV55821,13,1.0,0.07692307692307693,yes
PRV55826,4,0.0,0.0,no
PRV55828,7,0.0,0.0,no
PRV55830,8,0.0,0.0,no
PRV55832,45,1.0,0.022222222222222223,yes
PRV55833,4,1.0,0.25,yes
PRV55834,9,1.0,0.1111111111111111,yes
PRV55835,7,1.0,0.14285714285714285,yes
PRV55836,15,2.0,0.13333333333333333,yes
PRV55837,8,0.0,0.0,no
PRV55839,3,0.0,0.0,no
PRV55846,46,0.0,0.0,no
PRV55848,3,0.0,0.0,no
PRV55849,128,3.0,0.0234375,yes
PRV55850,18,1.0,0.05555555555555555,yes
PRV55851,6,1.0,0.16666666666666666,yes
PRV55852,3,0.0,0.0,no
PRV55864,4,1.0,0.25,yes
PRV55869,8,1.0,0.125,yes
PRV55873,6,0.0,0.0,no
PRV55887,6,0.0,0.0,no
PRV55891,26,3.0,0.11538461538461539,yes
PRV55893,26,1.0,0.038461538461538464,yes
PRV55896,21,1.0,0.047619047619047616,yes
PRV55897,9,2.0,0.2222222222222222,yes
PRV55900,8,0.0,0.0,no
PRV55903,23,1.0,0.043478260869565216,yes
PRV55905,82,3.0,0.036585365853658534,yes
PRV55907,60,2.0,0.03333333333333333,yes
PRV55908,22,0.0,0.0,no
PRV55911,46,2.0,0.043478260869565216,yes
PRV55912,60,1.0,0.016666666666666666,yes
PRV55914,21,3.0,0.14285714285714285,yes
PRV55916,115,2.0,0.017391304347826087,yes
PRV55918,2,0.0,0.0,no
PRV55925,4,0.0,0.0,no
PRV55930,7,1.0,0.14285714285714285,yes
PRV55933,45,3.0,0.06666666666666667,yes
PRV55934,6,0.0,0.0,no
PRV55937,7,0.0,0.0,no
PRV55939,28,2.0,0.07142857142857142,yes
PRV55942,2,1.0,0.5,yes
PRV55943,34,2.0,0.058823529411764705,yes
PRV55944,11,1.0,0.09090909090909091,yes
PRV55948,4,0.0,0.0,no
PRV55951,38,0.0,0.0,no
PRV55956,8,1.0,0.125,yes
PRV55957,22,0.0,0.0,no
PRV55970,16,2.0,0.125,yes
PRV55971,101,3.0,0.0297029702970297,yes
PRV55972,19,0.0,0.0,no
PRV55978,92,8.0,0.08695652173913043,yes
PRV55981,15,1.0,0.06666666666666667,yes
PRV55983,8,0.0,0.0,no
PRV55990,22,1.0,0.045454545454545456,yes
PRV55996,29,2.0,0.06896551724137931,yes
PRV56001,57,3.0,0.05263157894736842,yes
PRV56002,11,1.0,0.09090909090909091,yes
PRV56003,8,1.0,0.125,yes
PRV56005,2,0.0,0.0,no
PRV56007,69,3.0,0.043478260869565216,yes
PRV56012,29,1.0,0.034482758620689655,yes
PRV56014,19,2.0,0.10526315789473684,yes
PRV56015,6,0.0,0.0,no
PRV56017,11,0.0,0.0,no
PRV56018,25,2.0,0.08,yes
PRV56020,15,0.0,0.0,no
PRV56023,7,0.0,0.0,no
PRV56028,4,0.0,0.0,no
PRV56031,9,0.0,0.0,no
PRV56033,4,0.0,0.0,no
PRV56038,1,0.0,0.0,no
PRV56044,16,0.0,0.0,no
PRV56046,14,0.0,0.0,no
PRV56057,9,0.0,0.0,no
PRV56058,11,0.0,0.0,no
PRV56102,8,0.0,0.0,no
PRV56103,68,3.0,0.04411764705882353,yes
PRV56105,29,4.0,0.13793103448275862,yes
PRV56106,2,0.0,0.0,no
PRV56118,14,0.0,0.0,no
PRV56119,11,0.0,0.0,no
PRV56120,4,0.0,0.0,no
PRV56121,16,0.0,0.0,no
PRV56122,3,0.0,0.0,no
PRV56123,40,2.0,0.05,yes
PRV56124,6,0.0,0.0,no
PRV56125,7,0.0,0.0,no
PRV56126,6,0.0,0.0,no
PRV56129,23,1.0,0.043478260869565216,yes
PRV56130,17,1.0,0.058823529411764705,yes
PRV56131,15,1.0,0.06666666666666667,yes
PRV56133,15,0.0,0.0,no
PRV56134,62,5.0,0.08064516129032258,yes
PRV56135,3,0.0,0.0,no
PRV56136,1,0.0,0.0,no
PRV56139,3,0.0,0.0,no
PRV56140,16,0.0,0.0,no
PRV56142,5,0.0,0.0,no
PRV56147,2,0.0,0.0,no
PRV56156,5,1.0,0.2,yes
PRV56161,13,0.0,0.0,no
PRV56166,2,0.0,0.0,no
PRV56170,8,0.0,0.0,no
PRV56172,3,0.0,0.0,no
PRV56173,6,0.0,0.0,no
PRV56174,1,0.0,0.0,no
PRV56179,1,0.0,0.0,no
PRV56202,1,0.0,0.0,no
PRV56207,3,1.0,0.3333333333333333,yes
PRV56210,31,0.0,0.0,no
PRV56218,6,0.0,0.0,no
PRV56219,4,0.0,0.0,no
PRV56220,3,1.0,0.3333333333333333,yes
PRV56221,18,0.0,0.0,no
PRV56224,4,0.0,0.0,no
PRV56225,50,1.0,0.02,yes
PRV56227,1,0.0,0.0,no
PRV56231,32,0.0,0.0,no
PRV56235,14,0.0,0.0,no
PRV56236,7,0.0,0.0,no
PRV56238,4,0.0,0.0,no
PRV56242,1,0.0,0.0,no
PRV56243,78,3.0,0.038461538461538464,yes
PRV56247,2,0.0,0.0,no
PRV56249,56,1.0,0.017857142857142856,yes
PRV56253,63,1.0,0.015873015873015872,yes
PRV56256,11,1.0,0.09090909090909091,yes
PRV56257,17,0.0,0.0,no
PRV56259,16,2.0,0.125,yes
PRV56260,55,3.0,0.05454545454545454,yes
PRV56263,2,0.0,0.0,no
PRV56264,19,1.0,0.05263157894736842,yes
PRV56265,20,1.0,0.05,yes
PRV56268,61,3.0,0.04918032786885246,yes
PRV56269,8,0.0,0.0,no
PRV56271,1,0.0,0.0,no
PRV56274,4,1.0,0.25,yes
PRV56276,1,0.0,0.0,no
PRV56285,13,1.0,0.07692307692307693,yes
PRV56286,1,0.0,0.0,no
PRV56288,2,0.0,0.0,no
PRV56289,5,0.0,0.0,no
PRV56329,14,0.0,0.0,no
PRV56335,18,1.0,0.05555555555555555,yes
PRV56336,21,0.0,0.0,no
PRV56338,10,0.0,0.0,no
PRV56339,1,1.0,1.0,yes
PRV56340,3,0.0,0.0,no
PRV56341,1,0.0,0.0,no
PRV56342,5,0.0,0.0,no
PRV56347,9,2.0,0.2222222222222222,yes
PRV56349,31,0.0,0.0,no
PRV56350,66,4.0,0.06060606060606061,yes
PRV56352,4,0.0,0.0,no
PRV56354,3,1.0,0.3333333333333333,yes
PRV56355,4,0.0,0.0,no
PRV56361,7,0.0,0.0,no
PRV56368,1,0.0,0.0,no
PRV56384,2,0.0,0.0,no
PRV56390,2,0.0,0.0,no
PRV56392,6,0.0,0.0,no
PRV56395,7,0.0,0.0,no
PRV56396,32,0.0,0.0,no
PRV56398,1,0.0,0.0,no
PRV56400,3,0.0,0.0,no
PRV56403,10,0.0,0.0,no
PRV56407,5,0.0,0.0,no
PRV56408,3,0.0,0.0,no
PRV56411,4,0.0,0.0,no
PRV56412,9,0.0,0.0,no
PRV56416,214,8.0,0.037383177570093455,yes
PRV56421,46,2.0,0.043478260869565216,yes
PRV56423,2,0.0,0.0,no
PRV56425,8,0.0,0.0,no
PRV56428,8,1.0,0.125,yes
PRV56432,6,1.0,0.16666666666666666,yes
PRV56435,4,0.0,0.0,no
PRV56437,39,3.0,0.07692307692307693,yes
PRV56438,64,3.0,0.046875,yes
PRV56442,81,2.0,0.024691358024691357,yes
PRV56445,32,2.0,0.0625,yes
PRV56449,13,0.0,0.0,no
PRV56452,4,0.0,0.0,no
PRV56456,14,0.0,0.0,no
PRV56458,7,0.0,0.0,no
PRV56461,10,1.0,0.1,yes
PRV56468,5,0.0,0.0,no
PRV56469,36,1.0,0.027777777777777776,yes
PRV56470,5,0.0,0.0,no
PRV56473,7,0.0,0.0,no
PRV56474,1,0.0,0.0,no
PRV56476,1,0.0,0.0,no
PRV56478,67,5.0,0.07462686567164178,yes
PRV56481,78,4.0,0.05128205128205128,yes
PRV56483,2,0.0,0.0,no
PRV56485,1,0.0,0.0,no
PRV56487,1,0.0,0.0,no
PRV56490,11,0.0,0.0,no
PRV56500,3,0.0,0.0,no
PRV56501,6,0.0,0.0,no
PRV56507,7,0.0,0.0,no
PRV56519,7,0.0,0.0,no
PRV56533,15,1.0,0.06666666666666667,yes
PRV56540,1,0.0,0.0,no
PRV56541,54,0.0,0.0,no
PRV56543,4,0.0,0.0,no
PRV56544,18,0.0,0.0,no
PRV56545,1,0.0,0.0,no
PRV56546,9,0.0,0.0,no
PRV56547,7,0.0,0.0,no
PRV56548,8,2.0,0.25,yes
PRV56549,2,0.0,0.0,no
PRV56550,55,1.0,0.01818181818181818,yes
PRV56555,59,2.0,0.03389830508474576,yes
PRV56556,74,3.0,0.04054054054054054,yes
PRV56560,248,11.0,0.04435483870967742,yes
PRV56562,2,0.0,0.0,no
PRV56563,8,1.0,0.125,yes
PRV56566,1,0.0,0.0,no
PRV56570,13,1.0,0.07692307692307693,yes
PRV56571,3,0.0,0.0,no
PRV56574,12,0.0,0.0,no
PRV56575,113,6.0,0.05309734513274336,yes
PRV56576,1,0.0,0.0,no
PRV56577,8,2.0,0.25,yes
PRV56578,7,0.0,0.0,no
PRV56583,13,1.0,0.07692307692307693,yes
PRV56584,4,1.0,0.25,yes
PRV56585,4,0.0,0.0,no
PRV56587,18,0.0,0.0,no
PRV56588,100,3.0,0.03,yes
PRV56589,4,0.0,0.0,no
PRV56591,16,1.0,0.0625,yes
PRV56592,63,2.0,0.031746031746031744,yes
PRV56601,1,0.0,0.0,no
PRV56603,1,0.0,0.0,no
PRV56605,4,1.0,0.25,yes
PRV56606,9,1.0,0.1111111111111111,yes
PRV56607,4,0.0,0.0,no
PRV56610,12,0.0,0.0,no
PRV56614,15,0.0,0.0,no
PRV56615,3,0.0,0.0,no
PRV56624,7,0.0,0.0,no
PRV56626,4,0.0,0.0,no
PRV56628,9,1.0,0.1111111111111111,yes
PRV56630,63,1.0,0.015873015873015872,yes
PRV56632,7,1.0,0.14285714285714285,yes
PRV56643,8,2.0,0.25,yes
PRV56647,121,4.0,0.03305785123966942,yes
PRV56649,7,0.0,0.0,no
PRV56658,1,0.0,0.0,no
PRV56659,2,0.0,0.0,no
PRV56662,3,0.0,0.0,no
PRV56663,13,0.0,0.0,no
PRV56664,1,0.0,0.0,no
PRV56668,52,1.0,0.019230769230769232,yes
PRV56669,29,1.0,0.034482758620689655,yes
PRV56671,3,0.0,0.0,no
PRV56673,2,0.0,0.0,no
PRV56680,8,0.0,0.0,no
PRV56682,3,0.0,0.0,no
PRV56684,16,1.0,0.0625,yes
PRV56685,35,2.0,0.05714285714285714,yes
PRV56686,15,0.0,0.0,no
PRV56696,7,0.0,0.0,no
PRV56701,4,0.0,0.0,no
PRV56703,21,1.0,0.047619047619047616,yes
PRV56705,4,0.0,0.0,no
PRV56706,31,1.0,0.03225806451612903,yes
PRV56710,10,1.0,0.1,yes
PRV56711,8,0.0,0.0,no
PRV56712,2,0.0,0.0,no
PRV56713,55,0.0,0.0,no
PRV56715,3,0.0,0.0,no
PRV56717,1,0.0,0.0,no
PRV56719,10,0.0,0.0,no
PRV56720,2,0.0,0.0,no
PRV56722,2,0.0,0.0,no
PRV56724,6,0.0,0.0,no
PRV56726,3,0.0,0.0,no
PRV56730,23,2.0,0.08695652173913043,yes
PRV56731,4,0.0,0.0,no
PRV56732,13,1.0,0.07692307692307693,yes
PRV56733,12,1.0,0.08333333333333333,yes
PRV56734,10,0.0,0.0,no
PRV56738,19,1.0,0.05263157894736842,yes
PRV56739,1,0.0,0.0,no
PRV56742,9,0.0,0.0,no
PRV56746,15,0.0,0.0,no
PRV56747,1,0.0,0.0,no
PRV56748,117,3.0,0.02564102564102564,yes
PRV56749,11,0.0,0.0,no
PRV56750,1,0.0,0.0,no
PRV56751,5,0.0,0.0,no
PRV56752,1,0.0,0.0,no
PRV56753,9,0.0,0.0,no
PRV56754,9,0.0,0.0,no
PRV56755,3,0.0,0.0,no
PRV56759,2,0.0,0.0,no
PRV56761,92,0.0,0.0,no
PRV56762,1,1.0,1.0,yes
PRV56763,13,2.0,0.15384615384615385,yes
PRV56764,5,0.0,0.0,no
PRV56766,2,0.0,0.0,no
PRV56767,6,0.0,0.0,no
PRV56768,4,1.0,0.25,yes
PRV56769,4,0.0,0.0,no
PRV56772,5,1.0,0.2,yes
PRV56773,7,0.0,0.0,no
PRV56774,1,0.0,0.0,no
PRV56775,3,0.0,0.0,no
PRV56777,13,1.0,0.07692307692307693,yes
PRV56778,15,0.0,0.0,no
PRV56789,7,1.0,0.14285714285714285,yes
PRV56793,3,1.0,0.3333333333333333,yes
PRV56796,3,0.0,0.0,no
PRV56800,7,0.0,0.0,no
PRV56802,13,0.0,0.0,no
PRV56803,8,1.0,0.125,yes
PRV56808,47,0.0,0.0,no
PRV56809,4,1.0,0.25,yes
PRV56811,8,1.0,0.125,yes
PRV56818,4,1.0,0.25,yes
PRV56819,24,1.0,0.041666666666666664,yes
PRV56826,4,1.0,0.25,yes
PRV56834,1,0.0,0.0,no
PRV56839,2,0.0,0.0,no
PRV56870,13,0.0,0.0,no
PRV56873,1,0.0,0.0,no
PRV56877,15,3.0,0.2,yes
PRV56885,9,0.0,0.0,no
PRV56889,5,0.0,0.0,no
PRV56895,13,4.0,0.3076923076923077,yes
PRV56896,3,0.0,0.0,no
PRV56897,8,0.0,0.0,no
PRV56900,2,0.0,0.0,no
PRV56902,1,0.0,0.0,no
PRV56903,2,0.0,0.0,no
PRV56904,4,0.0,0.0,no
PRV56906,6,0.0,0.0,no
PRV56908,1,0.0,0.0,no
PRV56909,3,1.0,0.3333333333333333,yes
PRV56910,4,1.0,0.25,yes
PRV56912,7,0.0,0.0,no
PRV56914,6,0.0,0.0,no
PRV56915,4,0.0,0.0,no
PRV56916,11,0.0,0.0,no
PRV56917,2,0.0,0.0,no
PRV56918,7,1.0,0.14285714285714285,yes
PRV57016,16,1.0,0.0625,yes
PRV57017,23,0.0,0.0,no
PRV57018,24,1.0,0.041666666666666664,yes
PRV57020,6,0.0,0.0,no
PRV57021,14,0.0,0.0,no
PRV57023,15,2.0,0.13333333333333333,yes
PRV57024,9,1.0,0.1111111111111111,yes
PRV57025,17,1.0,0.058823529411764705,yes
PRV57030,16,4.0,0.25,yes
PRV57031,15,1.0,0.06666666666666667,yes
PRV57033,17,0.0,0.0,no
PRV57034,21,1.0,0.047619047619047616,yes
PRV57049,18,2.0,0.1111111111111111,yes
PRV57069,2,0.0,0.0,no
PRV57072,4,0.0,0.0,no
PRV57073,10,0.0,0.0,no
PRV57074,7,0.0,0.0,no
PRV57075,2,0.0,0.0,no
PRV57076,2,0.0,0.0,no
PRV57077,3,0.0,0.0,no
PRV57078,10,0.0,0.0,no
PRV57080,1,0.0,0.0,no
PRV57081,37,1.0,0.02702702702702703,yes
PRV57082,5,0.0,0.0,no
PRV57084,7,0.0,0.0,no
PRV57085,5,0.0,0.0,no
PRV57086,6,0.0,0.0,no
PRV57087,4,0.0,0.0,no
PRV57088,6,0.0,0.0,no
PRV57089,3,0.0,0.0,no
PRV57091,4,0.0,0.0,no
PRV57092,2,0.0,0.0,no
PRV57093,1,0.0,0.0,no
PRV57094,3,0.0,0.0,no
PRV57096,11,0.0,0.0,no
PRV57097,3,0.0,0.0,no
PRV57098,49,1.0,0.02040816326530612,yes
PRV57101,30,2.0,0.06666666666666667,yes
PRV57102,4,1.0,0.25,yes
PRV57103,29,0.0,0.0,no
PRV57104,10,1.0,0.1,yes
PRV57108,5,0.0,0.0,no
PRV57109,6,0.0,0.0,no
PRV57110,1,0.0,0.0,no
PRV57112,30,2.0,0.06666666666666667,yes
PRV57113,2,0.0,0.0,no
PRV57115,1,0.0,0.0,no
PRV57117,67,0.0,0.0,no
PRV57120,13,1.0,0.07692307692307693,yes
PRV57121,3,0.0,0.0,no
PRV57122,1,0.0,0.0,no
PRV57124,9,0.0,0.0,no
PRV57126,10,1.0,0.1,yes
PRV57127,8,0.0,0.0,no
PRV57129,32,1.0,0.03125,yes
PRV57141,15,0.0,0.0,no
PRV57144,8,0.0,0.0,no
PRV57145,4,0.0,0.0,no
PRV57146,9,0.0,0.0,no
PRV57148,15,0.0,0.0,no
PRV57157,16,2.0,0.125,yes
PRV57158,30,1.0,0.03333333333333333,yes
PRV57162,7,0.0,0.0,no
PRV57165,3,0.0,0.0,no
PRV57166,29,2.0,0.06896551724137931,yes
PRV57169,17,0.0,0.0,no
PRV57171,3,0.0,0.0,no
PRV57172,88,1.0,0.011363636363636364,yes
PRV57173,96,4.0,0.041666666666666664,yes
PRV57174,12,1.0,0.08333333333333333,yes
PRV57176,4,0.0,0.0,no
PRV57177,73,2.0,0.0273972602739726,yes
PRV57179,26,0.0,0.0,no
PRV57182,5,0.0,0.0,no
PRV57184,2,0.0,0.0,no
PRV57185,7,0.0,0.0,no
PRV57188,5,1.0,0.2,yes
PRV57189,4,0.0,0.0,no
PRV57191,185,4.0,0.021621621621621623,yes
PRV57194,2,0.0,0.0,no
PRV57196,10,1.0,0.1,yes
PRV57197,8,0.0,0.0,no
PRV57198,3,0.0,0.0,no
PRV57203,2,0.0,0.0,no
PRV57204,21,2.0,0.09523809523809523,yes
PRV57205,12,1.0,0.08333333333333333,yes
PRV57206,7,0.0,0.0,no
PRV57208,10,0.0,0.0,no
PRV57209,15,0.0,0.0,no
PRV57210,10,0.0,0.0,no
PRV57211,8,0.0,0.0,no
PRV57215,8,0.0,0.0,no
PRV57216,10,0.0,0.0,no
PRV57217,9,0.0,0.0,no
PRV57223,34,2.0,0.058823529411764705,yes
PRV57224,2,0.0,0.0,no
PRV57225,47,2.0,0.0425531914893617,yes
PRV57227,21,0.0,0.0,no
PRV57228,34,0.0,0.0,no
PRV57230,27,1.0,0.037037037037037035,yes
PRV57231,18,1.0,0.05555555555555555,yes
PRV57234,9,0.0,0.0,no
PRV57235,3,0.0,0.0,no
PRV57238,1,0.0,0.0,no
PRV57251,15,1.0,0.06666666666666667,yes
PRV57252,3,0.0,0.0,no
PRV57284,19,1.0,0.05263157894736842,yes
PRV57285,8,0.0,0.0,no
PRV57290,2,0.0,0.0,no
PRV57293,12,1.0,0.08333333333333333,yes
PRV57294,2,0.0,0.0,no
PRV57295,14,1.0,0.07142857142857142,yes
PRV57297,8,0.0,0.0,no
PRV57298,3,0.0,0.0,no
PRV57299,6,0.0,0.0,no
PRV57301,4,0.0,0.0,no
PRV57302,2,0.0,0.0,no
PRV57303,11,1.0,0.09090909090909091,yes
PRV57304,3,0.0,0.0,no
PRV57307,12,1.0,0.08333333333333333,yes
PRV57309,12,0.0,0.0,no
PRV57310,65,6.0,0.09230769230769231,yes
PRV57316,39,1.0,0.02564102564102564,yes
PRV57317,84,1.0,0.011904761904761904,yes
PRV57319,16,0.0,0.0,no
PRV57320,10,0.0,0.0,no
PRV57321,15,0.0,0.0,no
PRV57322,7,1.0,0.14285714285714285,yes
PRV57324,22,0.0,0.0,no
PRV57326,5,0.0,0.0,no
PRV57330,12,0.0,0.0,no
PRV57331,16,0.0,0.0,no
PRV57334,39,2.0,0.05128205128205128,yes
PRV57335,3,0.0,0.0,no
PRV57340,17,0.0,0.0,no
PRV57341,77,3.0,0.03896103896103896,yes
PRV57344,25,1.0,0.04,yes
PRV57345,43,2.0,0.046511627906976744,yes
PRV57347,17,0.0,0.0,no
PRV57350,9,0.0,0.0,no
PRV57352,3,0.0,0.0,no
PRV57357,15,0.0,0.0,no
PRV57364,3,0.0,0.0,no
PRV57369,11,0.0,0.0,no
PRV57372,15,0.0,0.0,no
PRV57375,6,0.0,0.0,no
PRV57379,3,0.0,0.0,no
PRV57382,5,0.0,0.0,no
PRV57397,7,1.0,0.14285714285714285,yes
PRV57398,3,2.0,0.6666666666666666,yes
PRV57399,1,0.0,0.0,no
PRV57400,8,0.0,0.0,no
PRV57401,8,0.0,0.0,no
PRV57403,15,0.0,0.0,no
PRV57404,9,0.0,0.0,no
PRV57406,46,1.0,0.021739130434782608,yes
PRV57409,24,3.0,0.125,yes
PRV57412,9,0.0,0.0,no
PRV57414,18,0.0,0.0,no
PRV57425,32,1.0,0.03125,yes
PRV57427,14,0.0,0.0,no
PRV57433,16,1.0,0.0625,yes
PRV57437,6,1.0,0.16666666666666666,yes
PRV57438,4,0.0,0.0,no
PRV57445,2,0.0,0.0,no
PRV57481,62,4.0,0.06451612903225806,yes
PRV57487,15,2.0,0.13333333333333333,yes
PRV57489,17,1.0,0.058823529411764705,yes
PRV57490,21,0.0,0.0,no
PRV57492,36,3.0,0.08333333333333333,yes
PRV57495,37,1.0,0.02702702702702703,yes
PRV57502,114,3.0,0.02631578947368421,yes
PRV57510,43,0.0,0.0,no
PRV57515,19,0.0,0.0,no
PRV57518,2,0.0,0.0,no
PRV57519,12,0.0,0.0,no
PRV57521,12,1.0,0.08333333333333333,yes
PRV57523,15,0.0,0.0,no
PRV57525,21,1.0,0.047619047619047616,yes
PRV57526,2,0.0,0.0,no
PRV57527,51,3.0,0.058823529411764705,yes
PRV57528,13,0.0,0.0,no
PRV57530,52,3.0,0.057692307692307696,yes
PRV57533,22,0.0,0.0,no
PRV57543,46,3.0,0.06521739130434782,yes
PRV57545,1,0.0,0.0,no
PRV57547,18,2.0,0.1111111111111111,yes
PRV57548,107,4.0,0.037383177570093455,yes
PRV57555,27,1.0,0.037037037037037035,yes
PRV57558,8,0.0,0.0,no
PRV57560,1,0.0,0.0,no
PRV57561,1,0.0,0.0,no
PRV57567,7,0.0,0.0,no
PRV57568,18,0.0,0.0,no
PRV57569,5,1.0,0.2,yes
PRV57584,3,0.0,0.0,no
PRV57590,3,0.0,0.0,no
PRV57593,6,1.0,0.16666666666666666,yes
PRV57594,1,0.0,0.0,no
PRV57600,9,0.0,0.0,no
PRV57612,3,0.0,0.0,no
PRV57629,10,0.0,0.0,no
PRV57630,8,0.0,0.0,no
PRV57631,18,1.0,0.05555555555555555,yes
PRV57632,1,0.0,0.0,no
PRV57633,4,0.0,0.0,no
PRV57634,8,0.0,0.0,no
PRV57635,18,0.0,0.0,no
PRV57636,5,1.0,0.2,yes
PRV57638,9,1.0,0.1111111111111111,yes
PRV57640,5,0.0,0.0,no
PRV57641,3,0.0,0.0,no
PRV57642,23,0.0,0.0,no
PRV57643,7,0.0,0.0,no
PRV57650,1,0.0,0.0,no
PRV57667,3,0.0,0.0,no
PRV57697,48,0.0,0.0,no
PRV57699,3,0.0,0.0,no
PRV57702,7,0.0,0.0,no
PRV57704,3,0.0,0.0,no
PRV57709,30,2.0,0.06666666666666667,yes
PRV57711,19,2.0,0.10526315789473684,yes
PRV57712,2,0.0,0.0,no
PRV57715,42,2.0,0.047619047619047616,yes
PRV57717,15,0.0,0.0,no
PRV57719,4,0.0,0.0,no
PRV57728,1,0.0,0.0,no
PRV57729,11,0.0,0.0,no
PRV57732,11,0.0,0.0,no
PRV57757,11,0.0,0.0,no
