,Provider,group,DupClaimStates,DupClaimStatesNum,DupClaimMultiState
0,PRV51003,[593],"[1, 31]",2,yes
1,PRV51021,[ 74 645],"[1, 5]",2,yes
2,PRV51023,[229],"[1, 5]",2,yes
3,PRV51024,[541],"[1, 45]",2,yes
4,PRV51030,[259 282],"[16, 1, 5]",3,yes
5,PRV51037,[519],"[1, 5]",2,yes
6,PRV51038,[255 528],"[16, 1, 36]",3,yes
7,PRV51040,[590],"[1, 10]",2,yes
8,PRV51060,[329],"[49, 1]",2,yes
9,PRV51064,[231 328],"[1, 45, 39]",3,yes
10,PRV51065,[351],"[1, 11, 36]",3,yes
11,PRV51086,[254 332],"[1, 10, 11, 14]",4,yes
12,PRV51102,[254],"[1, 10]",2,yes
13,PRV51108,[5],"[1, 18]",2,yes
14,PRV51119,[ 18 369 602],"[24, 1, 5, 25]",4,yes
15,PRV51126,[378 394],"[2, 4, 45]",3,yes
16,PRV51140,[176 206 416],"[10, 3, 4, 21]",4,yes
17,PRV51145,[ 17 140 157 185 258 277 284],"[33, 34, 3, 5, 37, 39, 49]",7,yes
18,PRV51146,[  4  53  61 184 368 390 477 545 633 697],"[33, 34, 3, 10, 11, 47, 16, 15, 18, 51, 50, 29]",12,yes
19,PRV51148,[61],"[3, 29]",2,yes
20,PRV51149,[441 669],"[11, 10, 3]",3,yes
21,PRV51151,[67],"[3, 4]",2,yes
22,PRV51159,[415],"[36, 38]",2,yes
23,PRV51160,[115],"[3, 51]",2,yes
24,PRV51164,[ 96 257 360],"[10, 3, 45, 39]",4,yes
25,PRV51165,[388],"[24, 44]",2,yes
26,PRV51238,[698],"[3, 11]",2,yes
27,PRV51242,[504],"[18, 4, 5, 31]",4,yes
28,PRV51244,[ 51  70  79 161 323 383 506 646 703],"[32, 4, 5, 7, 39, 14, 46, 51, 26]",9,yes
29,PRV51249,[ 15 270 500 614],"[33, 4, 31, 23]",4,yes
30,PRV51252,[176],"[3, 4]",2,yes
31,PRV51261,[572],"[26, 5]",2,yes
32,PRV51263,[21],"[4, 36]",2,yes
33,PRV51266,[379],"[34, 4]",2,yes
34,PRV51274,[438],"[26, 4]",2,yes
35,PRV51284,[169 378],"[50, 2, 4]",3,yes
36,PRV51288,[67],"[3, 4]",2,yes
37,PRV51300,[ 56 158 330],"[4, 5, 39, 10, 11, 52]",6,yes
38,PRV51334,[289],"[4, 31]",2,yes
39,PRV51342,[  7 253 364],"[5, 44, 45, 49, 52]",5,yes
40,PRV51350,[516],"[18, 5]",2,yes
41,PRV51357,[654],"[27, 5]",2,yes
42,PRV51360,[491],"[5, 45]",2,yes
43,PRV51378,[217 542 598 663],"[21, 5, 18, 45]",4,yes
44,PRV51387,[69],"[50, 5]",2,yes
45,PRV51389,[572],"[26, 5]",2,yes
46,PRV51390,[ 16 160 451],"[24, 33, 5, 45]",4,yes
47,PRV51391,[236],"[5, 54]",2,yes
48,PRV51393,[376 504 636],"[4, 5, 15, 18, 31]",5,yes
49,PRV51399,[282 302 404 503 519 602],"[1, 33, 5, 6, 13]",5,yes
50,PRV51415,[384],"[5, 6]",2,yes
51,PRV51418,[212 382],"[5, 34, 36, 29]",4,yes
52,PRV51421,[230 313 480],"[24, 36, 5, 39]",4,yes
53,PRV51427,[554],"[10, 5]",2,yes
54,PRV51436,[263],"[36, 5]",2,yes
55,PRV51438,[399],"[5, 7]",2,yes
56,PRV51448,[352 439],"[26, 5, 38]",3,yes
57,PRV51456,[260 348 585 655],"[33, 5, 45, 47, 17]",5,yes
58,PRV51467,[73],"[11, 5]",2,yes
59,PRV51468,[242],[5],1,no
60,PRV51471,[274 306 330 340 366 387 673],"[4, 5, 10, 11, 45, 52, 54]",7,yes
61,PRV51475,[447],"[5, 31]",2,yes
62,PRV51482,[684],"[11, 5]",2,yes
63,PRV51492,[200],"[10, 5]",2,yes
64,PRV51495,[ 37 229 485 618],"[1, 5, 49, 19, 24]",5,yes
65,PRV51501,[ 42  78 131 153 165 239 481 495 549 577 692],"[33, 5, 6, 39, 7, 42, 10, 15, 17, 26, 27, 31]",12,yes
66,PRV51516,[285],"[5, 31]",2,yes
67,PRV51523,[ 90 223 662],"[33, 5, 10, 14, 18, 22]",6,yes
68,PRV51532,[228],"[5, 38]",2,yes
69,PRV51533,[527],"[11, 5]",2,yes
70,PRV51539,[246],"[10, 5]",2,yes
71,PRV51542,[ 55 671],"[51, 5, 39]",3,yes
72,PRV51544,[110 141 514 631],"[33, 5, 10, 12, 14, 23]",6,yes
73,PRV51549,[461],"[52, 5]",2,yes
74,PRV51560,[ 20 112 245 444 535],"[33, 34, 37, 5, 7, 24]",6,yes
75,PRV51578,[149 150 169 488],"[2, 4, 38, 42, 50, 52]",6,yes
76,PRV51579,[233],"[36, 5]",2,yes
77,PRV51584,[ 59 371],"[21, 5, 39]",3,yes
78,PRV51585,[164],"[34, 5]",2,yes
79,PRV51590,[ 85 198 242],"[10, 5, 14]",3,yes
80,PRV51593,[66],"[5, 22]",2,yes
81,PRV51598,[214 365],"[39, 12, 37, 23]",4,yes
82,PRV51602,[ 89 381],"[10, 3, 50, 5]",4,yes
83,PRV51604,[258 687],"[50, 3, 5]",3,yes
84,PRV51614,[235 432 492 538 627],"[34, 36, 5, 45, 31]",5,yes
85,PRV51629,[216],"[36, 5]",2,yes
86,PRV51632,[272],"[5, 45]",2,yes
87,PRV51638,[431],"[5, 14]",2,yes
88,PRV51809,[74],"[1, 5]",2,yes
89,PRV51810,[548],"[10, 5]",2,yes
90,PRV51811,[682],"[41, 5]",2,yes
91,PRV51828,[312 476],"[32, 49, 5]",3,yes
92,PRV51840,[302 386],"[44, 5, 6]",3,yes
93,PRV51841,[353],"[10, 6]",2,yes
94,PRV51842,[ 68 137 252 427 499 606 632 665],"[33, 36, 6, 39, 10, 49, 28]",7,yes
95,PRV51868,[159 384 534 651],"[5, 38, 6, 21, 24]",5,yes
96,PRV51873,[397 692],"[42, 5, 6]",3,yes
97,PRV51876,[137],"[28, 6]",2,yes
98,PRV51940,[  1 171 273 392 472 479 580 601],"[33, 34, 7, 10, 11, 44, 52, 20]",8,yes
99,PRV51948,[ 32 399 543 577],"[5, 31, 37, 7]",4,yes
100,PRV51949,[105],"[33, 50]",2,yes
101,PRV51951,[341 342 418],"[34, 51, 14, 7]",4,yes
102,PRV51954,[146],"[45, 7]",2,yes
103,PRV51960,[467],"[45, 7]",2,yes
104,PRV51981,[112],"[5, 7]",2,yes
105,PRV52002,[311],"[34, 21]",2,yes
106,PRV52003,[ 40 114 192 442 484 634],"[36, 39, 9, 45, 18, 52, 21, 22]",8,yes
107,PRV52017,[545],"[16, 10]",2,yes
108,PRV52019,"[  3   6  29  78  96 161 170 237 261 307 313 419 424 437 507 565 599 667
 677 685 691]","[1, 3, 4, 5, 7, 10, 11, 14, 15, 22, 23, 24, 28, 31, 33, 34, 39, 42, 45, 54]",20,yes
109,PRV52020,[ 63 158 203 385],"[34, 4, 39, 10, 42, 45, 52, 23]",8,yes
110,PRV52021,[ 92 252 345 380 550 641],"[34, 6, 39, 10, 44, 14, 21, 22]",8,yes
111,PRV52027,[  8 356 635],"[10, 50, 22, 23, 31]",5,yes
112,PRV52028,[672],"[54, 14]",2,yes
113,PRV52032,[141],"[12, 23]",2,yes
114,PRV52038,[405],"[1, 31]",2,yes
115,PRV52044,[116 520],"[33, 36, 10, 44, 18, 23, 26]",7,yes
116,PRV52045,[681],[10],1,no
117,PRV52063,[568 579],"[33, 10, 52]",3,yes
118,PRV52064,[291 536 554],"[5, 10, 49, 22, 24]",5,yes
119,PRV52065,[131 177 300 436 448 449 548],"[33, 5, 10, 42, 15, 49, 23]",7,yes
120,PRV52072,[200 454],"[10, 5, 14]",3,yes
121,PRV52073,[188 289 353],"[36, 4, 6, 10, 31]",5,yes
122,PRV52076,[175],"[10, 14]",2,yes
123,PRV52077,[632],"[10, 6]",2,yes
124,PRV52079,[213],"[44, 23]",2,yes
125,PRV52087,[392],"[10, 7]",2,yes
126,PRV52100,[387],"[10, 5]",2,yes
127,PRV52114,[ 89 178 307 689],"[33, 3, 7, 10, 45]",5,yes
128,PRV52115,[33],"[10, 14]",2,yes
129,PRV52120,[ 34 428 537 620 659],"[10, 46, 14, 18, 50]",5,yes
130,PRV52123,[316 411 416 456],"[3, 39, 42, 10, 14, 21]",6,yes
131,PRV52124,[543],"[31, 7]",2,yes
132,PRV52126,[630],[23],1,no
133,PRV52128,[198 322 551],"[10, 5, 31]",3,yes
134,PRV52130,[30],"[25, 10]",2,yes
135,PRV52135,[106 158 441 455 473 487 573],"[34, 3, 4, 39, 10, 45, 52, 31]",8,yes
136,PRV52136,[ 54 251],"[10, 52, 50, 14]",4,yes
137,PRV52146,[223],"[10, 5]",2,yes
138,PRV52148,[39],"[10, 38]",2,yes
139,PRV52150,[201 410],"[33, 11, 21, 23]",4,yes
140,PRV52151,[319 498],"[10, 14, 22]",3,yes
141,PRV52152,[171 195 243 420],"[33, 36, 39, 7, 44, 14, 49, 23]",8,yes
142,PRV52173,[246 308],"[10, 45, 5]",3,yes
143,PRV52176,[679 700],"[10, 34, 26, 23]",4,yes
144,PRV52178,[ 41  45 127 248 344 347 477],"[33, 3, 38, 7, 10, 45, 31]",7,yes
145,PRV52195,[189],"[10, 31]",2,yes
146,PRV52266,[657],"[10, 14]",2,yes
147,PRV52279,[571],"[10, 47]",2,yes
148,PRV52280,[ 29 434 646],"[34, 4, 5, 7, 10]",5,yes
149,PRV52281,[590],"[1, 10]",2,yes
150,PRV52283,[162 238 250 298 561 612 659],"[33, 34, 10, 44, 45, 15]",6,yes
151,PRV52285,[315 660],"[10, 52, 53]",3,yes
152,PRV52291,[331],[10],1,no
153,PRV52292,[628],"[10, 31]",2,yes
154,PRV52295,[496],"[1, 37]",2,yes
155,PRV52303,[333 702],"[19, 11, 39]",3,yes
156,PRV52307,[539 638],"[33, 34, 38]",3,yes
157,PRV52308,[ 28 502],"[11, 36, 39]",3,yes
158,PRV52314,[201],"[11, 23]",2,yes
159,PRV52320,[ 73 275],"[42, 11, 5, 54]",4,yes
160,PRV52321,[527],"[11, 5]",2,yes
161,PRV52340,[ 57  93 130 226 299 351 459 505 558 591 610 622 698],"[32, 33, 1, 3, 36, 37, 39, 11, 44, 45, 14, 19, 22]",13,yes
162,PRV52342,[273 417],"[11, 38, 7]",3,yes
163,PRV52343,[697],"[50, 11]",2,yes
164,PRV52347,[56],"[11, 4, 39]",3,yes
165,PRV52359,[118 241 530],"[33, 10, 11, 45]",4,yes
166,PRV52362,[582],"[26, 11]",2,yes
167,PRV52366,[236 321],"[33, 11, 5, 54]",4,yes
168,PRV52394,[669],"[3, 11]",2,yes
169,PRV52398,[597],"[32, 11]",2,yes
170,PRV52404,[684],"[11, 5]",2,yes
171,PRV52405,[274 278 322],"[10, 11, 44, 5]",4,yes
172,PRV52459,[ 19 507],"[11, 37, 23]",3,yes
173,PRV52460,[88],"[49, 11]",2,yes
174,PRV52461,[267 574],"[33, 11, 14]",3,yes
175,PRV52474,[468],"[44, 12]",2,yes
176,PRV52504,[104],"[33, 13]",2,yes
177,PRV52509,[457],"[13, 31]",2,yes
178,PRV52511,[295 503],"[5, 13, 38, 22]",4,yes
179,PRV52552,[465],"[17, 14]",2,yes
180,PRV52565,[247],"[14, 15]",2,yes
181,PRV52566,[ 23 452],"[10, 23, 15, 39]",4,yes
182,PRV52574,[ 57 220 574 662 667],"[33, 5, 11, 45, 14, 22, 24]",7,yes
183,PRV52582,[431],"[5, 14]",2,yes
184,PRV52589,[ 12 122 389 429],"[46, 14, 18, 24, 25]",5,yes
185,PRV52590,[152 204 599],"[33, 11, 14, 30]",4,yes
186,PRV52609,[672],"[54, 14]",2,yes
187,PRV52617,[637],"[19, 14]",2,yes
188,PRV52630,[175 523 537],"[10, 18, 14]",3,yes
189,PRV52634,[629],"[33, 14]",2,yes
190,PRV52641,[113 134],"[10, 11, 28, 14]",4,yes
191,PRV52642,[ 60  77 143 271 319 474 615],"[33, 34, 39, 10, 44, 14]",6,yes
192,PRV52654,[510 524 631],"[33, 34, 5, 14]",4,yes
193,PRV52706,[674],"[22, 14]",2,yes
194,PRV52717,[129 186 657],"[26, 10, 45, 14]",4,yes
195,PRV52722,[661 668],"[33, 45, 14]",3,yes
196,PRV52723,[121],"[19, 14]",2,yes
197,PRV52821,[ 31 304 565 623 643],"[33, 36, 37, 10, 15, 31]",6,yes
198,PRV52828,[325 349],"[19, 15]",2,yes
199,PRV52836,[594],"[15, 7]",2,yes
200,PRV52842,[ 70 240],"[4, 37, 39, 14, 15]",5,yes
201,PRV52843,[ 90 151 640],"[18, 5, 39]",3,yes
202,PRV52845,[314 489],"[8, 44, 15, 26, 31]",5,yes
203,PRV52846,[ 84 182 653 666],"[42, 45, 15, 19, 26]",5,yes
204,PRV52847,[ 43 207 436],"[33, 10, 14, 15, 26]",5,yes
205,PRV52849,[172],"[33, 14]",2,yes
206,PRV52851,[249],"[51, 15]",2,yes
207,PRV52862,[25],"[33, 15]",2,yes
208,PRV52876,[136],"[45, 15]",2,yes
209,PRV52881,[357],"[36, 15]",2,yes
210,PRV52890,[247],"[14, 15]",2,yes
211,PRV52898,[238 256],"[10, 23, 15]",3,yes
212,PRV52903,[376 440 481],"[52, 5, 14, 15]",4,yes
213,PRV52922,[650],"[45, 15]",2,yes
214,PRV52925,[435],"[34, 15]",2,yes
215,PRV52972,[367],"[21, 15]",2,yes
216,PRV52985,[  9  99 210 279 518 664],"[33, 34, 45, 16, 54, 23]",6,yes
217,PRV52989,[259],"[16, 1]",2,yes
218,PRV52990,[ 86 211],"[16, 26, 54]",3,yes
219,PRV52998,[255 576],"[16, 1, 31]",3,yes
220,PRV53005,[225],"[16, 36]",2,yes
221,PRV53021,[588],[16],1,no
222,PRV53050,[592],"[16, 19]",2,yes
223,PRV53070,[232],"[16, 45]",2,yes
224,PRV53101,[348],"[17, 5]",2,yes
225,PRV53104,[287 359],"[17, 31, 39]",3,yes
226,PRV53111,[465],"[17, 14]",2,yes
227,PRV53121,[179],"[17, 26]",2,yes
228,PRV53124,[398],"[17, 45]",2,yes
229,PRV53129,[153],"[17, 5]",2,yes
230,PRV53141,[173 647 701],"[17, 21, 39, 33]",4,yes
231,PRV53208,[696],"[17, 31]",2,yes
232,PRV53225,[317],"[33, 17]",2,yes
233,PRV53242,[  5 318 542 620 648],"[1, 5, 39, 10, 44, 18]",6,yes
234,PRV53243,[508],"[49, 36]",2,yes
235,PRV53244,[634 636],"[9, 18, 5]",3,yes
236,PRV53260,[433],"[18, 38]",2,yes
237,PRV53265,[370],"[49, 31]",2,yes
238,PRV53266,[ 10 168 458 520],"[34, 36, 10, 44, 14, 18, 23, 30]",8,yes
239,PRV53269,[174 504 523 560 633],"[3, 4, 5, 14, 15, 18, 22, 26, 31]",9,yes
240,PRV53295,[87],"[33, 18]",2,yes
241,PRV53297,[680],"[44, 22]",2,yes
242,PRV53308,[4],"[18, 3]",2,yes
243,PRV53381,[430],"[19, 38]",2,yes
244,PRV53385,[ 62 121 400 592 666],"[33, 14, 15, 16, 19, 54]",6,yes
245,PRV53394,[391],"[19, 45]",2,yes
246,PRV53401,[244 591],"[11, 19, 23]",3,yes
247,PRV53405,[155 637],"[19, 45, 14]",3,yes
248,PRV53408,[58],"[26, 19]",2,yes
249,PRV53421,[338 578 624 693],"[34, 19, 45, 39]",4,yes
250,PRV53442,[349],"[19, 15]",2,yes
251,PRV53444,[62],"[19, 54]",2,yes
252,PRV53461,[297],[19],1,no
253,PRV53489,[605],"[49, 19]",2,yes
254,PRV53590,[702],"[11, 19]",2,yes
255,PRV53598,[608],"[19, 29]",2,yes
256,PRV53601,[618],"[19, 5]",2,yes
257,PRV53602,[607],"[19, 36]",2,yes
258,PRV53618,[310],"[20, 39]",2,yes
259,PRV53668,[479],"[10, 20]",2,yes
260,PRV53671,[296],"[24, 21]",2,yes
261,PRV53673,[453],"[8, 52]",2,yes
262,PRV53675,[227 426 531 598],"[34, 5, 52, 53, 21]",5,yes
263,PRV53677,[ 59 533 644],"[21, 45, 36, 5]",4,yes
264,PRV53692,[337 339 497 526 641],"[38, 42, 45, 14, 51, 21]",6,yes
265,PRV53697,[316 562],"[52, 21, 14]",3,yes
266,PRV53706,[ 81 701],"[25, 21, 17]",3,yes
267,PRV53710,[206 651],"[3, 21, 6]",3,yes
268,PRV53712,[224 334 410 490 567],"[33, 34, 39, 45, 47, 21]",6,yes
269,PRV53749,[82],"[37, 22]",2,yes
270,PRV53762,[215 324 380],"[24, 10, 27, 22]",4,yes
271,PRV53763,[293 443],"[52, 45, 22]",3,yes
272,PRV53769,[482 558 662],"[33, 5, 11, 45, 14, 22]",6,yes
273,PRV53770,[ 40 280],"[45, 21, 22]",3,yes
274,PRV53776,[552],"[44, 30]",2,yes
275,PRV53781,[ 10 513],"[33, 18, 30]",3,yes
276,PRV53787,[ 35 556 674],"[52, 14, 22, 23]",4,yes
277,PRV53790,[ 66 108 395],"[34, 45, 5, 22]",4,yes
278,PRV53802,[295],"[38, 22]",2,yes
279,PRV53807,[498 680],"[10, 44, 22]",3,yes
280,PRV53808,[ 75 119 163 560 610 682],"[34, 5, 41, 10, 42, 11, 18, 22, 31]",9,yes
281,PRV53855,[3],"[11, 22]",2,yes
282,PRV53865,[544],"[50, 22]",2,yes
283,PRV53867,[704],[23],1,no
284,PRV53872,[642],"[43, 23]",2,yes
285,PRV53873,[ 76 133 630 695],"[36, 45, 54, 23]",4,yes
286,PRV53878,[197],"[32, 23]",2,yes
287,PRV53884,[  8 166 354 448 520],"[36, 10, 44, 18, 23, 31]",6,yes
288,PRV53910,[244 518],"[16, 19, 54, 23]",4,yes
289,PRV53911,[529],"[5, 23]",2,yes
290,PRV53932,[256 304 500 584 704],"[4, 10, 15, 23, 31]",5,yes
291,PRV53951,[556 564],"[33, 22, 23]",3,yes
292,PRV53959,[559],"[34, 23]",2,yes
293,PRV53961,[ 99 199 452 595 686 700],"[33, 39, 10, 15, 16, 23, 24, 25]",8,yes
294,PRV53986,[509],"[23, 31]",2,yes
295,PRV53996,[540],"[18, 23]",2,yes
296,PRV54051,[393],"[52, 23]",2,yes
297,PRV54058,[688],"[51, 23]",2,yes
298,PRV54059,[501],"[27, 23]",2,yes
299,PRV54064,[595],"[24, 23]",2,yes
300,PRV54065,[296],"[24, 21]",2,yes
301,PRV54076,[346],"[24, 33]",2,yes
302,PRV54078,[375 536],"[24, 34, 10]",3,yes
303,PRV54081,[588],[16],1,no
304,PRV54089,[180],"[24, 17]",2,yes
305,PRV54090,[159],"[24, 6]",2,yes
306,PRV54093,[389],"[24, 14]",2,yes
307,PRV54099,[128],"[24, 39]",2,yes
308,PRV54106,[160],"[24, 5]",2,yes
309,PRV54111,[425],[24],1,no
310,PRV54205,[ 37 215 245],"[24, 5, 22]",3,yes
311,PRV54208,[126 694],"[25, 36, 46]",3,yes
312,PRV54209,[475],"[25, 31]",2,yes
313,PRV54213,[120],"[25, 28]",2,yes
314,PRV54228,[613],"[33, 25]",2,yes
315,PRV54230,[369],"[25, 1]",2,yes
316,PRV54244,[429],"[25, 14]",2,yes
317,PRV54258,[ 30  81 406],"[25, 10, 26, 21]",4,yes
318,PRV54327,[275 532],"[42, 26, 44, 54]",4,yes
319,PRV54328,[156],"[26, 34]",2,yes
320,PRV54330,[ 86 679],"[16, 26, 10, 34]",4,yes
321,PRV54333,[ 58 423 569],"[33, 26, 19, 31]",4,yes
322,PRV54337,[ 14  71  94 412 670],"[36, 39, 8, 44, 14, 26]",6,yes
323,PRV54339,[690],"[26, 29]",2,yes
324,PRV54342,[439],"[26, 5]",2,yes
325,PRV54348,[314],"[26, 44, 31, 15]",4,yes
326,PRV54350,[183 383 406 652],"[33, 34, 4, 25, 26]",5,yes
327,PRV54354,[148],[26],1,no
328,PRV54361,[80],"[26, 27]",2,yes
329,PRV54363,[354],"[18, 23]",2,yes
330,PRV54367,[ 14  33  85 129 155 174 207 290 332 355 418 438 454 458 653],"[4, 5, 39, 7, 10, 11, 45, 14, 15, 49, 18, 26]",12,yes
331,PRV54378,[190 483],"[32, 26, 14, 39]",4,yes
332,PRV54379,[582],"[26, 11]",2,yes
333,PRV54381,[132 283],"[26, 37, 14, 39]",4,yes
334,PRV54382,[116],"[33, 26]",2,yes
335,PRV54390,[603],"[44, 37]",2,yes
336,PRV54391,[ 26 194],"[26, 45, 31]",3,yes
337,PRV54399,[179],"[17, 26]",2,yes
338,PRV54402,[600],"[26, 39]",2,yes
339,PRV54409,[549],"[26, 5]",2,yes
340,PRV54504,[80],"[26, 27]",2,yes
341,PRV54506,[654],"[27, 5]",2,yes
342,PRV54507,[324 617],"[34, 27, 22]",3,yes
343,PRV54514,[239 531 660],"[5, 10, 53, 21, 27]",5,yes
344,PRV54531,[501],"[27, 23]",2,yes
345,PRV54559,[120],"[25, 28]",2,yes
346,PRV54560,[134],"[11, 28]",2,yes
347,PRV54565,[ 46 611],"[33, 50, 52, 28]",4,yes
348,PRV54566,[265],"[28, 45]",2,yes
349,PRV54567,[180],"[24, 17]",2,yes
350,PRV54575,[460 685],"[10, 28, 36]",3,yes
351,PRV54577,[363 525],"[33, 34, 51, 28]",4,yes
352,PRV54640,[534],"[38, 6]",2,yes
353,PRV54649,[586 690],"[26, 29, 5, 39]",4,yes
354,PRV54658,[292 529],"[42, 5, 23]",3,yes
355,PRV54661,[403],"[50, 29]",2,yes
356,PRV54676,[521],"[52, 29]",2,yes
357,PRV54686,[224],"[21, 47]",2,yes
358,PRV54688,[218],"[50, 30]",2,yes
359,PRV54692,[204],"[14, 30]",2,yes
360,PRV54705,[24],"[33, 47]",2,yes
361,PRV54718,[64],"[42, 30]",2,yes
362,PRV54724,[628],"[10, 31]",2,yes
363,PRV54742,[ 48  75 145 189 419 504 551 569],"[33, 4, 5, 10, 45, 18, 22, 26, 31]",9,yes
364,PRV54757,[285 593 614],"[1, 4, 5, 31]",4,yes
365,PRV54760,[320 405],"[1, 14, 31]",3,yes
366,PRV54765,[165 166 314 396 450 457 509],"[5, 39, 44, 13, 15, 23, 26, 31]",8,yes
367,PRV54771,[409],"[33, 31]",2,yes
368,PRV54772,[ 36 475 649],"[25, 36, 33, 31]",4,yes
369,PRV54774,[566],"[36, 31]",2,yes
370,PRV54776,[589],"[10, 31]",2,yes
371,PRV54778,[370 623],"[49, 15, 31]",3,yes
372,PRV54781,[ 47 334 696],"[36, 39, 17, 21, 31]",5,yes
373,PRV54787,[235 359],"[17, 5, 31]",3,yes
374,PRV54812,[517],"[45, 31]",2,yes
375,PRV54822,[ 41 576],"[16, 10, 31]",3,yes
376,PRV54845,[51],"[32, 4]",2,yes
377,PRV54847,[476 483],"[32, 5, 14]",3,yes
378,PRV54875,[222],"[32, 34]",2,yes
379,PRV54879,[118 568 609],"[33, 10, 11, 45]",4,yes
380,PRV54882,[130],"[33, 11]",2,yes
381,PRV54885,[133],"[54, 23]",2,yes
382,PRV54889,[347],"[33, 10]",2,yes
383,PRV54894,[ 24 102 104 181 343 594 611 649],"[33, 34, 36, 7, 13, 47, 15, 28, 31]",9,yes
384,PRV54896,[172 270],"[33, 4, 14]",3,yes
385,PRV54902,[404],"[33, 5]",2,yes
386,PRV54905,[152],"[33, 14]",2,yes
387,PRV54909,[340],"[5, 54]",2,yes
388,PRV54917,[145],"[33, 31]",2,yes
389,PRV54924,[471],"[24, 33]",2,yes
390,PRV54933,[524 564],"[33, 14, 23]",3,yes
391,PRV54936,[ 43 317 686],"[33, 10, 17, 23]",4,yes
392,PRV54937,[613],"[33, 25]",2,yes
393,PRV54949,[409],"[33, 31]",2,yes
394,PRV54952,[584],"[10, 31]",2,yes
395,PRV54955,[185 286 362 539 580],"[33, 34, 3, 7, 45]",5,yes
396,PRV54970,[303],"[33, 52]",2,yes
397,PRV54971,[ 50 250],"[33, 10, 36, 38]",4,yes
398,PRV54981,[327 451 513 587 619],"[33, 5, 42, 45, 30]",5,yes
399,PRV54986,[  9  26 178 266 346 652],"[33, 10, 45, 16, 24, 26, 31]",7,yes
400,PRV54997,[173],"[17, 33]",2,yes
401,PRV55000,[102 248 514],"[33, 10, 5, 7]",4,yes
402,PRV55003,[668],"[33, 14]",2,yes
403,PRV55004,[87],"[33, 18]",2,yes
404,PRV55005,[ 25 421],"[33, 36, 15]",3,yes
405,PRV55018,[445],[33],1,no
406,PRV55019,[ 52 267 300 321 390 511 629],"[33, 3, 36, 10, 11, 45, 14]",7,yes
407,PRV55028,[262],"[33, 46]",2,yes
408,PRV55030,[44],"[33, 45]",2,yes
409,PRV55034,[464],"[33, 39]",2,yes
410,PRV55039,[400],"[33, 19]",2,yes
411,PRV55048,[408],"[33, 36]",2,yes
412,PRV55049,[298 606],"[33, 10, 6]",3,yes
413,PRV55051,[363],"[33, 51, 28]",3,yes
414,PRV55121,[110],"[33, 5]",2,yes
415,PRV55124,[ 60 662],"[33, 5, 14, 22]",4,yes
416,PRV55126,[423],"[33, 26]",2,yes
417,PRV55145,[452],"[23, 15, 39]",3,yes
418,PRV55155,[619],[33],1,no
419,PRV55156,[15],"[33, 4]",2,yes
420,PRV55157,[585],"[33, 5]",2,yes
421,PRV55158,[ 20 241],"[33, 10, 11, 5]",4,yes
422,PRV55165,[535],"[34, 5]",2,yes
423,PRV55169,[341 538],"[34, 5, 7]",3,yes
424,PRV55171,[  7 168],"[49, 18, 34, 5]",4,yes
425,PRV55172,[164 401 559],"[34, 5, 23]",3,yes
426,PRV55179,[140 261 578],"[19, 33, 34, 3]",4,yes
427,PRV55180,[11],"[49, 34]",2,yes
428,PRV55189,[486],"[34, 45]",2,yes
429,PRV55193,[345],"[10, 34]",2,yes
430,PRV55194,[184 277 407 510],"[34, 3, 45, 14]",4,yes
431,PRV55205,[156 343 446],"[33, 34, 39, 10, 26]",5,yes
432,PRV55208,[108],"[34, 22]",2,yes
433,PRV55209,[  1  38  88  91 119 143 311 375 413 604 617 664 678],"[34, 36, 7, 10, 11, 14, 16, 49, 50, 21, 24, 27]",12,yes
434,PRV55215,[ 91 147 279 331 455 522 621 691],"[34, 36, 39, 10, 42, 14, 16, 49, 54]",9,yes
435,PRV55229,[ 11 401],"[49, 34]",2,yes
436,PRV55230,[183 222 269 377 382 525 547 596 683],"[32, 34, 5, 41, 45, 26, 28]",7,yes
437,PRV55232,[434],"[10, 34]",2,yes
438,PRV55236,[124 227],"[34, 52, 21]",3,yes
439,PRV55237,[234],"[34, 36]",2,yes
440,PRV55240,[286],"[33, 34]",2,yes
441,PRV55250,[379],"[34, 4]",2,yes
442,PRV55262,[675],"[42, 45]",2,yes
443,PRV55374,[567],"[34, 21]",2,yes
444,PRV55378,[561],"[10, 34]",2,yes
445,PRV55381,[435],"[34, 15]",2,yes
446,PRV55387,[203],"[34, 39]",2,yes
447,PRV55435,[ 22  28  50  68 225 408 413 520],"[33, 34, 36, 38, 6, 10, 11, 44, 16, 18, 51, 23]",12,yes
448,PRV55443,[47],"[31, 36, 39]",3,yes
449,PRV55444,[216 263 372 414 512],"[37, 36, 5, 44]",4,yes
450,PRV55452,[55],"[51, 5]",2,yes
451,PRV55453,[581],[39],1,no
452,PRV55462,"[ 38  52  94  98 181 188 195 202 208 233 264 288 309 326 415 421 528 533
 607]","[33, 34, 1, 36, 5, 38, 39, 8, 45, 46, 49, 19, 21, 26, 31]",15,yes
453,PRV55472,[460],"[28, 36]",2,yes
454,PRV55482,[695],"[36, 23]",2,yes
455,PRV55490,[ 83 109 126 187],"[32, 25, 36, 39]",4,yes
456,PRV55492,[643],"[36, 15]",2,yes
457,PRV55495,[288],[36],1,no
458,PRV55506,[557],"[36, 39]",2,yes
459,PRV55507,[100],"[36, 54]",2,yes
460,PRV55509,[351],"[1, 11, 36]",3,yes
461,PRV55514,[187],[36],1,no
462,PRV55516,[125],"[36, 45]",2,yes
463,PRV55518,[396],"[39, 31]",2,yes
464,PRV55531,[357 462 515 627 699],"[36, 5, 42, 45, 15]",5,yes
465,PRV55536,[114],"[36, 21]",2,yes
466,PRV55550,[230 414],"[36, 5]",2,yes
467,PRV55555,[212 358 575],"[49, 36, 29]",3,yes
468,PRV55567,[234],"[34, 36]",2,yes
469,PRV55659,[36],"[36, 31]",2,yes
470,PRV55661,[522],"[34, 36]",2,yes
471,PRV55662,[ 21 492],"[4, 5, 36]",3,yes
472,PRV55663,[470],"[11, 36]",2,yes
473,PRV55666,[575 604],"[34, 36]",2,yes
474,PRV55673,[132],"[26, 37]",2,yes
475,PRV55676,[142 214 240 372],"[36, 37, 39, 12, 15, 54]",6,yes
476,PRV55687,[496],"[1, 37]",2,yes
477,PRV55689,[ 82 276 284 305 466],"[3, 37, 39, 50, 22]",5,yes
478,PRV55690,[32],"[37, 7]",2,yes
479,PRV55691,[444],"[5, 37]",2,yes
480,PRV55715,[226],"[11, 37]",2,yes
481,PRV55737,[19],"[11, 37]",2,yes
482,PRV55755,[31],"[37, 15]",2,yes
483,PRV55811,[117],"[37, 39]",2,yes
484,PRV55817,[676],"[24, 37]",2,yes
485,PRV55821,[433],"[18, 38]",2,yes
486,PRV55832,[100],"[36, 54]",2,yes
487,PRV55833,[95],"[50, 38]",2,yes
488,PRV55834,[553],"[3, 45]",2,yes
489,PRV55835,[39],"[10, 38]",2,yes
490,PRV55836,[ 50 361],"[33, 36, 38, 45, 50]",5,yes
491,PRV55849,[417 430 497],"[19, 11, 21, 38]",4,yes
492,PRV55850,[638],"[34, 38]",2,yes
493,PRV55851,[228],"[5, 38]",2,yes
494,PRV55864,[344],"[10, 38]",2,yes
495,PRV55869,[352],"[5, 38]",2,yes
496,PRV55891,[506 621 671],"[42, 4, 5, 39]",4,yes
497,PRV55893,[117],"[37, 39]",2,yes
498,PRV55896,[93],"[11, 39]",2,yes
499,PRV55897,[ 23 573],"[10, 39]",2,yes
500,PRV55903,[271],"[14, 39]",2,yes
501,PRV55905,[101 221 450],"[33, 39, 8, 49, 31]",5,yes
502,PRV55907,[360 502],"[11, 3, 39]",3,yes
503,PRV55911,[ 13 703],"[4, 45, 39]",3,yes
504,PRV55912,[626],[39],1,no
505,PRV55914,[101 442 473],"[33, 39, 8, 9, 10, 31]",6,yes
506,PRV55916,[  2 446],"[10, 45, 39]",3,yes
507,PRV55930,[109],"[36, 39]",2,yes
508,PRV55933,[ 97 283 600],"[26, 45, 14, 39]",4,yes
509,PRV55939,[365 581],"[39, 23]",2,yes
510,PRV55942,[673],"[5, 54]",2,yes
511,PRV55943,[219 328],"[1, 45, 39]",3,yes
512,PRV55944,[151],"[18, 39]",2,yes
513,PRV55956,[626],[39],1,no
514,PRV55970,[294 305],"[37, 45, 39]",3,yes
515,PRV55971,[ 56  92 111],"[4, 39, 11, 14, 50]",5,yes
516,PRV55978,[ 71 123 290 356 447 464 489 589],"[33, 5, 39, 8, 10, 45, 15, 26, 31]",9,yes
517,PRV55981,[128],"[24, 39]",2,yes
518,PRV55990,[495],"[5, 39]",2,yes
519,PRV55996,[27 72],"[49, 45, 39]",3,yes
520,PRV56001,[333 557 693],"[19, 11, 36, 39]",4,yes
521,PRV56002,[138],[39],1,no
522,PRV56003,[287],"[17, 39]",2,yes
523,PRV56007,[138 456 586],"[10, 5, 39]",3,yes
524,PRV56012,[158],"[10, 52, 4, 39]",4,yes
525,PRV56014,[208 264],"[8, 36]",2,yes
526,PRV56018,[301 371],"[5, 45, 39]",3,yes
527,PRV56103,[190 463 647],"[17, 26, 44, 39]",4,yes
528,PRV56105,[ 47 310 480 505],"[36, 5, 39, 11, 20, 31]",6,yes
529,PRV56123,[240 424],"[33, 39, 37, 15]",4,yes
530,PRV56129,[625],"[45, 39]",2,yes
531,PRV56130,[77],"[14, 39]",2,yes
532,PRV56131,[17],"[3, 39]",2,yes
533,PRV56134,[427 555 648 658 670],"[6, 39, 49, 18, 26]",5,yes
534,PRV56156,[336],"[45, 54]",2,yes
535,PRV56207,[683],"[41, 34]",2,yes
536,PRV56220,[64],"[42, 30]",2,yes
537,PRV56225,[170],"[10, 42]",2,yes
538,PRV56243,[196 411 587],"[33, 42, 10, 45]",4,yes
539,PRV56249,[449],"[10, 42]",2,yes
540,PRV56253,[397],"[42, 6]",2,yes
541,PRV56256,[385],"[10, 42]",2,yes
542,PRV56259,[142 292],"[5, 42, 37, 54]",4,yes
543,PRV56260,[ 42 488 570],"[42, 2, 44, 5]",4,yes
544,PRV56264,[107],"[49, 42]",2,yes
545,PRV56265,[163],"[42, 22]",2,yes
546,PRV56268,[ 65 268],"[42, 52]",2,yes
547,PRV56274,[337],"[42, 21]",2,yes
548,PRV56285,[149],"[50, 42]",2,yes
549,PRV56335,[182],"[42, 15]",2,yes
550,PRV56339,[515],"[42, 36]",2,yes
551,PRV56347,[471 676],"[24, 33, 37]",3,yes
552,PRV56350,[ 18  49 191 642],"[1, 35, 43, 45, 50, 23, 24]",7,yes
553,PRV56354,[373],"[49, 43]",2,yes
554,PRV56416,[113 199 420 422 459 468 520 532],"[36, 10, 11, 44, 12, 14, 49, 18, 23, 25, 26]",11,yes
555,PRV56421,[412 570],"[26, 44, 42]",3,yes
556,PRV56428,[512],"[44, 36]",2,yes
557,PRV56432,[540],"[18, 23]",2,yes
558,PRV56437,[213 474 552],"[44, 30, 14, 23]",4,yes
559,PRV56438,[253 278 314],"[5, 11, 44, 45, 15, 26, 31]",7,yes
560,PRV56442,[516 603],"[18, 37, 44, 5]",4,yes
561,PRV56445,[209 550],"[10, 44, 52]",3,yes
562,PRV56461,[494],"[44, 45]",2,yes
563,PRV56469,[122],"[18, 14]",2,yes
564,PRV56478,[386 469 470 583 615],"[36, 6, 11, 44, 14, 49, 52]",7,yes
565,PRV56481,[162 281 463 601],"[7, 39, 10, 44, 50]",5,yes
566,PRV56533,[388],"[24, 44]",2,yes
567,PRV56548,[318 335],"[18, 11, 44, 45]",4,yes
568,PRV56550,[644],"[21, 45]",2,yes
569,PRV56555,[191 294],"[35, 45, 39]",3,yes
570,PRV56556,[197 596 597],"[32, 34, 11, 23]",4,yes
571,PRV56560,[  2 147 167 186 232 237 272 361 394 437 517],"[2, 5, 39, 10, 45, 14, 16, 49, 50, 24, 31]",11,yes
572,PRV56563,[16],"[5, 45]",2,yes
573,PRV56570,[432],"[45, 5]",2,yes
574,PRV56575,[ 72 125 167 220 482 639],"[36, 39, 45, 14, 52, 22]",6,yes
575,PRV56577,[231 336],"[1, 45, 54]",3,yes
576,PRV56583,[306],"[5, 45]",2,yes
577,PRV56584,[650],"[45, 15]",2,yes
578,PRV56588,[194 301 398],"[17, 26, 45, 39]",4,yes
579,PRV56591,[494],"[44, 45]",2,yes
580,PRV56592,[493 563],"[52, 45]",2,yes
581,PRV56605,[335],"[11, 45]",2,yes
582,PRV56606,[362],"[33, 45]",2,yes
583,PRV56628,[299],"[32, 11]",2,yes
584,PRV56630,[338],"[19, 45]",2,yes
585,PRV56632,[127],"[10, 45]",2,yes
586,PRV56643,[327 467],"[33, 45, 7]",3,yes
587,PRV56647,[ 97 265 308 462],"[36, 39, 10, 45, 28]",5,yes
588,PRV56668,[139],"[49, 45]",2,yes
589,PRV56669,[192],"[9, 45]",2,yes
590,PRV56684,[193],[45],1,no
591,PRV56685,[280 541],"[1, 45, 22]",3,yes
592,PRV56703,[547],"[34, 45]",2,yes
593,PRV56706,[269],"[34, 45]",2,yes
594,PRV56710,[260],"[45, 5]",2,yes
595,PRV56730,[ 13 196],"[42, 45, 39]",3,yes
596,PRV56732,[6],"[24, 45]",2,yes
597,PRV56733,[622],"[11, 45]",2,yes
598,PRV56738,[257],"[3, 45]",2,yes
599,PRV56748,[210 219 407],"[16, 34, 45, 39]",4,yes
600,PRV56762,[622],"[11, 45]",2,yes
601,PRV56763,[106 493],"[10, 45]",2,yes
602,PRV56768,[205],[45],1,no
603,PRV56772,[377],"[34, 45]",2,yes
604,PRV56777,[530],"[11, 45]",2,yes
605,PRV56789,[98],"[36, 45]",2,yes
606,PRV56793,[83],"[32, 36]",2,yes
607,PRV56803,[661],"[45, 14]",2,yes
608,PRV56809,[391],"[19, 45]",2,yes
609,PRV56811,[553],"[3, 45]",2,yes
610,PRV56818,[546],"[50, 45]",2,yes
611,PRV56819,[612],"[10, 45]",2,yes
612,PRV56826,[699],"[36, 45]",2,yes
613,PRV56877,[205 395 486],"[34, 45, 22]",3,yes
614,PRV56895,[136 217 374 511],"[33, 5, 45, 15]",4,yes
615,PRV56909,[491],"[5, 45]",2,yes
616,PRV56910,[339],"[21, 45]",2,yes
617,PRV56918,[253],"[45, 44, 5]",3,yes
618,PRV57016,[63],"[45, 23]",2,yes
619,PRV57018,[374],[45],1,no
620,PRV57023,[154 402],"[51, 45, 46]",3,yes
621,PRV57024,[675],"[42, 45]",2,yes
622,PRV57025,[146],"[45, 7]",2,yes
623,PRV57030,[ 44 211 490 663],"[33, 5, 45, 16, 21, 54]",6,yes
624,PRV57031,[193],[45],1,no
625,PRV57034,[625],"[45, 39]",2,yes
626,PRV57049,[ 76 609],"[33, 45, 23]",3,yes
627,PRV57081,[84],"[45, 15]",2,yes
628,PRV57098,[350],"[50, 45]",2,yes
629,PRV57101,[323 478],"[51, 4, 13, 46]",4,yes
630,PRV57102,[428],"[10, 46]",2,yes
631,PRV57104,[154],"[45, 46]",2,yes
632,PRV57112,[326 694],"[25, 36, 46]",3,yes
633,PRV57120,[12],"[46, 14]",2,yes
634,PRV57126,[262],"[33, 46]",2,yes
635,PRV57129,[608],"[19, 29]",2,yes
636,PRV57157,[368 655],"[16, 5, 47]",3,yes
637,PRV57158,[571],"[10, 47]",2,yes
638,PRV57166,[221 358],"[49, 36, 39]",3,yes
639,PRV57172,[469],"[49, 11]",2,yes
640,PRV57173,[107 144 499 688],"[6, 42, 49, 50, 51, 23]",6,yes
641,PRV57174,[355],"[49, 26]",2,yes
642,PRV57177,[ 27 373],"[49, 43, 39]",3,yes
643,PRV57188,[624],"[34, 19]",2,yes
644,PRV57191,[139 508 616],"[49, 36, 45]",3,yes
645,PRV57196,[679],"[10, 34, 26]",3,yes
646,PRV57204,[312 658],"[49, 5, 39]",3,yes
647,PRV57205,[254],"[1, 10]",2,yes
648,PRV57223,[329 605],"[49, 19, 1]",3,yes
649,PRV57225,[157 291],"[49, 3, 22]",3,yes
650,PRV57230,[243],"[49, 14]",2,yes
651,PRV57231,[555],"[49, 39]",2,yes
652,PRV57251,[485],"[49, 5]",2,yes
653,PRV57284,[177],"[49, 23]",2,yes
654,PRV57293,[422],"[49, 44]",2,yes
655,PRV57295,[309],"[49, 36]",2,yes
656,PRV57303,[466],"[50, 37]",2,yes
657,PRV57307,[276],"[50, 37]",2,yes
658,PRV57310,[ 49  69 105 251 544 678],"[33, 5, 43, 14, 49, 50, 22]",7,yes
659,PRV57316,[218],"[50, 30]",2,yes
660,PRV57317,[34],"[50, 10]",2,yes
661,PRV57322,[403],"[50, 29]",2,yes
662,PRV57334,[546 687],"[50, 5, 45]",3,yes
663,PRV57341,[ 46  95 635],"[38, 50, 52, 22, 28]",5,yes
664,PRV57344,[144],"[49, 50]",2,yes
665,PRV57345,[135 381],"[50, 52, 5]",3,yes
666,PRV57397,[350],"[50, 45]",2,yes
667,PRV57398,[111 281],"[50, 44, 39]",3,yes
668,PRV57406,[249],"[51, 15]",2,yes
669,PRV57409,[342 656],"[51, 7]",2,yes
670,PRV57425,[53],"[51, 3]",2,yes
671,PRV57433,[402],"[51, 45]",2,yes
672,PRV57437,[115],"[3, 51]",2,yes
673,PRV57481,[ 79 363 367 526],"[33, 4, 15, 51, 21, 28]",6,yes
674,PRV57487,[ 22 478],"[51, 36, 13]",3,yes
675,PRV57489,[566],"[36, 31]",2,yes
676,PRV57492,[ 54 268 320],"[10, 42, 14, 52, 31]",5,yes
677,PRV57495,[563],"[52, 45]",2,yes
678,PRV57502,[209 393 472],"[44, 7, 52, 23]",4,yes
679,PRV57521,[562],"[52, 21]",2,yes
680,PRV57525,[35],"[52, 22]",2,yes
681,PRV57527,[135 150 583],"[50, 11, 52, 38]",4,yes
682,PRV57530,[ 46 293 521],"[50, 52, 22, 28, 29]",5,yes
683,PRV57543,[366 426 639],"[21, 45, 52, 5]",4,yes
684,PRV57547,[103],[52],1,no
685,PRV57548,[124 303 364 453],"[33, 34, 5, 8, 52]",5,yes
686,PRV57555,[487],"[10, 52]",2,yes
687,PRV57569,[484],"[9, 52]",2,yes
688,PRV57593,[440],"[52, 14]",2,yes
689,PRV57631,[579],"[10, 52]",2,yes
690,PRV57636,[461],"[52, 5]",2,yes
691,PRV57638,[315],"[10, 52]",2,yes
692,PRV57709,[202 689],"[10, 36, 45]",3,yes
693,PRV57711,[ 48 123],"[45, 31]",2,yes
694,PRV57715,[266 443],"[33, 45, 22]",3,yes
